0,0,0,0,0,0,1,0,0.044396252611156276,22.524423598506853,22.28125,2.936641093992751,0.7182692639465086,0.434,3.0,0.25,0.0,0.0,0.0,0.0,33.0,0.25,34.0,0.5,0.0,0.0,4.8497839769227244
0,0,0,0,0,0,1,0,0.044396252611156276,22.524423598506853,21.28125,2.891321120632297,0.7179502844746177,0.55,3.0,0.25,0.0,0.0,0.0,0.0,33.0,0.25,34.0,0.5,0.0,0.0,4.8497839769227244
0,0,0,0,0,0,1,0,0.044396252611156276,22.524423598506853,21.90625,2.949629689102456,0.7106846844451592,0.393,3.0,0.25,0.0,0.0,0.0,0.0,33.0,0.25,34.0,0.5,0.0,0.0,4.8497839769227244
0,0,0,0,0,0,1,0,0.044396252611156276,22.524423598506853,21.8125,2.9247857906519603,0.7332721346395469,0.177,3.0,0.25,0.0,0.0,0.0,0.0,33.0,0.25,34.0,0.5,0.0,0.0,4.8497839769227244
0,0,0,0,0,0,1,0,0.044396252611156276,22.524423598506853,21.46875,2.8872953447683383,0.7268032021805468,0.309,3.0,0.25,0.0,0.0,0.0,0.0,33.0,0.25,34.0,0.5,0.0,0.0,4.8497839769227244
0,0,0,0,0,0,1,0,0.044396252611156276,22.524423598506853,21.640625,2.9709105863547682,0.7121885879798144,0.144,3.0,0.25,0.0,0.0,0.0,0.0,33.0,0.25,34.0,0.5,0.0,0.0,4.8497839769227244
0,0,0,0,0,0,1,0,0.044396252611156276,22.524423598506853,21.84375,2.9652135354466136,0.7201085397259954,0.204,3.0,0.25,0.0,0.0,0.0,0.0,33.0,0.25,34.0,0.5,0.0,0.0,4.8497839769227244
0,0,0,0,0,0,1,0,0.044396252611156276,22.524423598506853,20.71875,2.8696815852785784,0.7287193785029837,0.318,3.0,0.25,0.0,0.0,0.0,0.0,33.0,0.25,34.0,0.5,0.0,0.0,4.8497839769227244
0,0,0,0,0,0,1,0,0.044396252611156276,22.524423598506853,21.5,2.95120537479246,0.7130547352080925,0.149,3.0,0.25,0.0,0.0,0.0,0.0,33.0,0.25,34.0,0.5,0.0,0.0,4.8497839769227244
0,0,0,0,0,0,1,0,0.044396252611156276,22.524423598506853,22.46875,2.9322273444930516,0.6934375302993789,0.192,3.0,0.25,0.0,0.0,0.0,0.0,33.0,0.25,34.0,0.5,0.0,0.0,4.8497839769227244
0,0,0,0,0,0,1,0,0.044396252611156276,22.524423598506853,22.15625,2.9002443576663848,0.7031045946851558,0.32,3.0,0.25,0.0,0.0,0.0,0.0,33.0,0.25,34.0,0.5,0.0,0.0,4.8497839769227244
0,0,0,0,0,0,1,0,0.044396252611156276,22.524423598506853,22.34375,2.927040394340109,0.7043367817346742,0.171,3.0,0.25,0.0,0.0,0.0,0.0,33.0,0.25,34.0,0.5,0.0,0.0,4.8497839769227244
0,0,0,0,0,0,1,0,0.08264276463855569,12.10027283542092,44.125,2.9100933417100294,0.4839115597328726,0.044,3.0,0.05555555555555555,56.0,0.1111111111111111,0.0,0.0,5.0,0.2777777777777778,8.0,0.5555555555555556,0.0,0.0,5.45914447574754
0,0,0,0,0,0,1,0,0.08264276463855569,12.10027283542092,42.0,2.1074915750784156,0.5444762190204903,0.1,3.0,0.05555555555555555,56.0,0.1111111111111111,0.0,0.0,5.0,0.2777777777777778,8.0,0.5555555555555556,0.0,0.0,5.45914447574754
0,0,0,0,0,0,1,0,0.08264276463855569,12.10027283542092,42.8,1.602710184675421,0.6672027239972935,0.202,3.0,0.05555555555555555,56.0,0.1111111111111111,0.0,0.0,5.0,0.2777777777777778,8.0,0.5555555555555556,0.0,0.0,5.45914447574754
0,0,0,0,0,0,1,0,0.08264276463855569,12.10027283542092,42.725,2.1964621236383643,0.5705213332801844,0.06,3.0,0.05555555555555555,56.0,0.1111111111111111,0.0,0.0,5.0,0.2777777777777778,8.0,0.5555555555555556,0.0,0.0,5.45914447574754
0,0,0,0,0,0,1,0,0.08264276463855569,12.10027283542092,44.4375,2.887744628343648,0.5081050646973708,0.046,3.0,0.05555555555555555,56.0,0.1111111111111111,0.0,0.0,5.0,0.2777777777777778,8.0,0.5555555555555556,0.0,0.0,5.45914447574754
0,0,0,0,0,0,1,0,0.08264276463855569,12.10027283542092,39.5,2.161434497649662,0.6365952688967237,0.118,3.0,0.05555555555555555,56.0,0.1111111111111111,0.0,0.0,5.0,0.2777777777777778,8.0,0.5555555555555556,0.0,0.0,5.45914447574754
0,0,0,0,0,0,1,0,0.08264276463855569,12.10027283542092,42.75,1.5941830357643076,0.6082314205795084,0.204,3.0,0.05555555555555555,56.0,0.1111111111111111,0.0,0.0,5.0,0.2777777777777778,8.0,0.5555555555555556,0.0,0.0,5.45914447574754
0,0,0,0,0,0,1,0,0.08264276463855569,12.10027283542092,42.2625,2.1545299584385007,0.5634027704719728,0.06,3.0,0.05555555555555555,56.0,0.1111111111111111,0.0,0.0,5.0,0.2777777777777778,8.0,0.5555555555555556,0.0,0.0,5.45914447574754
0,0,0,0,0,0,1,0,0.08264276463855569,12.10027283542092,48.25,2.9734554692875395,0.4720782937831064,0.046,3.0,0.05555555555555555,56.0,0.1111111111111111,0.0,0.0,5.0,0.2777777777777778,8.0,0.5555555555555556,0.0,0.0,5.45914447574754
0,0,0,0,0,0,1,0,0.08264276463855569,12.10027283542092,40.0,2.256509216777828,0.6959364936925309,0.094,3.0,0.05555555555555555,56.0,0.1111111111111111,0.0,0.0,5.0,0.2777777777777778,8.0,0.5555555555555556,0.0,0.0,5.45914447574754
0,0,0,0,0,0,1,0,0.08264276463855569,12.10027283542092,42.8,1.6030077116753731,0.6331431519092378,0.193,3.0,0.05555555555555555,56.0,0.1111111111111111,0.0,0.0,5.0,0.2777777777777778,8.0,0.5555555555555556,0.0,0.0,5.45914447574754
0,0,0,0,0,0,1,0,0.08264276463855569,12.10027283542092,42.35,2.190501590980148,0.5925257256894978,0.063,3.0,0.05555555555555555,56.0,0.1111111111111111,0.0,0.0,5.0,0.2777777777777778,8.0,0.5555555555555556,0.0,0.0,5.45914447574754
0,0,0,0,0,0,1,0,0.08264276463855569,12.10027283542092,46.5,2.9639488668379457,0.4817378316037905,0.048,3.0,0.05555555555555555,56.0,0.1111111111111111,0.0,0.0,5.0,0.2777777777777778,8.0,0.5555555555555556,0.0,0.0,5.45914447574754
0,0,0,0,0,0,1,0,0.08264276463855569,12.10027283542092,40.5,2.1228268871532703,0.5191741975511004,0.096,3.0,0.05555555555555555,56.0,0.1111111111111111,0.0,0.0,5.0,0.2777777777777778,8.0,0.5555555555555556,0.0,0.0,5.45914447574754
0,0,0,0,0,0,1,0,0.08264276463855569,12.10027283542092,42.675,1.5997949912988259,0.6344318203709852,0.201,3.0,0.05555555555555555,56.0,0.1111111111111111,0.0,0.0,5.0,0.2777777777777778,8.0,0.5555555555555556,0.0,0.0,5.45914447574754
0,0,0,0,0,0,1,0,0.08264276463855569,12.10027283542092,42.3125,2.179674939476153,0.5714508361043011,0.07,3.0,0.05555555555555555,56.0,0.1111111111111111,0.0,0.0,5.0,0.2777777777777778,8.0,0.5555555555555556,0.0,0.0,5.45914447574754
0,0,0,0,0,0,1,0,0.07773931454328875,12.863504211156313,39.92307692307692,2.3072632458164652,0.6339181439194412,0.415,3.0,0.22413793103448276,0.0,0.0,0.0,0.0,5.0,0.13793103448275862,9.0,0.6379310344827587,0.0,0.0,6.972649870290061
0,0,0,0,0,0,1,0,0.07773931454328875,12.863504211156313,40.3125,1.4641545712564925,0.8858384661764858,0.612,3.0,0.22413793103448276,0.0,0.0,0.0,0.0,5.0,0.13793103448275862,9.0,0.6379310344827587,0.0,0.0,6.972649870290061
0,0,0,0,0,0,1,0,0.07773931454328875,12.863504211156313,40.58108108108108,2.338983163847187,0.6057570358761991,0.489,3.0,0.22413793103448276,0.0,0.0,0.0,0.0,5.0,0.13793103448275862,9.0,0.6379310344827587,0.0,0.0,6.972649870290061
0,0,0,0,0,0,1,0,0.07773931454328875,12.863504211156313,39.96153846153846,2.318877099421072,0.6013581138542705,0.453,3.0,0.22413793103448276,0.0,0.0,0.0,0.0,5.0,0.13793103448275862,9.0,0.6379310344827587,0.0,0.0,6.972649870290061
0,0,0,0,0,0,1,0,0.07773931454328875,12.863504211156313,41.625,1.4669866390063675,0.9421770968501564,0.663,3.0,0.22413793103448276,0.0,0.0,0.0,0.0,5.0,0.13793103448275862,9.0,0.6379310344827587,0.0,0.0,6.972649870290061
0,0,0,0,0,0,1,0,0.07773931454328875,12.863504211156313,39.932432432432435,2.3341567852955065,0.6141603996152879,0.508,3.0,0.22413793103448276,0.0,0.0,0.0,0.0,5.0,0.13793103448275862,9.0,0.6379310344827587,0.0,0.0,6.972649870290061
0,0,0,0,0,0,1,0,0.07773931454328875,12.863504211156313,40.61538461538461,2.228038638728783,0.6383064459539978,0.384,3.0,0.22413793103448276,0.0,0.0,0.0,0.0,5.0,0.13793103448275862,9.0,0.6379310344827587,0.0,0.0,6.972649870290061
0,0,0,0,0,0,1,0,0.07773931454328875,12.863504211156313,40.375,1.4510226888219644,0.8720139735073508,0.596,3.0,0.22413793103448276,0.0,0.0,0.0,0.0,5.0,0.13793103448275862,9.0,0.6379310344827587,0.0,0.0,6.972649870290061
0,0,0,0,0,0,1,0,0.07773931454328875,12.863504211156313,40.108108108108105,2.3338934738695456,0.5899903120823183,0.472,3.0,0.22413793103448276,0.0,0.0,0.0,0.0,5.0,0.13793103448275862,9.0,0.6379310344827587,0.0,0.0,6.972649870290061
0,0,0,0,0,0,1,0,0.07773931454328875,12.863504211156313,39.69230769230769,2.21541216181156,0.6610742030696755,0.438,3.0,0.22413793103448276,0.0,0.0,0.0,0.0,5.0,0.13793103448275862,9.0,0.6379310344827587,0.0,0.0,6.972649870290061
0,0,0,0,0,0,1,0,0.07773931454328875,12.863504211156313,41.625,1.4357510270554743,0.9461319609724336,0.622,3.0,0.22413793103448276,0.0,0.0,0.0,0.0,5.0,0.13793103448275862,9.0,0.6379310344827587,0.0,0.0,6.972649870290061
0,0,0,0,0,0,1,0,0.07773931454328875,12.863504211156313,40.351351351351354,2.3225817787820224,0.5893161806930319,0.516,3.0,0.22413793103448276,0.0,0.0,0.0,0.0,5.0,0.13793103448275862,9.0,0.6379310344827587,0.0,0.0,6.972649870290061
0,0,0,0,0,0,1,0,0.07528344956119123,13.283132027407813,37.925,2.4902459540151383,0.73191210663198,0.378,3.0,0.7142857142857143,0.0,0.0,0.0,0.0,7.0,0.21428571428571427,35.0,0.07142857142857142,0.0,0.0,3.8833808438167856
0,0,0,0,0,0,1,0,0.07528344956119123,13.283132027407813,39.75,2.9340112339116042,0.6755821797519831,0.398,3.0,0.7142857142857143,0.0,0.0,0.0,0.0,7.0,0.21428571428571427,35.0,0.07142857142857142,0.0,0.0,3.8833808438167856
0,0,0,0,0,0,1,0,0.07528344956119123,13.283132027407813,41.166666666666664,2.0634327799478034,0.9651503439479153,0.505,3.0,0.7142857142857143,0.0,0.0,0.0,0.0,7.0,0.21428571428571427,35.0,0.07142857142857142,0.0,0.0,3.8833808438167856
0,0,0,0,0,0,1,0,0.07528344956119123,13.283132027407813,38.1375,2.4994407657524724,0.7318536017759529,0.355,3.0,0.7142857142857143,0.0,0.0,0.0,0.0,7.0,0.21428571428571427,35.0,0.07142857142857142,0.0,0.0,3.8833808438167856
0,0,0,0,0,0,1,0,0.07528344956119123,13.283132027407813,41.0,2.920197176179455,0.6859412549532494,0.398,3.0,0.7142857142857143,0.0,0.0,0.0,0.0,7.0,0.21428571428571427,35.0,0.07142857142857142,0.0,0.0,3.8833808438167856
0,0,0,0,0,0,1,0,0.07528344956119123,13.283132027407813,41.375,2.031620926158655,1.064912735384648,0.483,3.0,0.7142857142857143,0.0,0.0,0.0,0.0,7.0,0.21428571428571427,35.0,0.07142857142857142,0.0,0.0,3.8833808438167856
0,0,0,0,0,0,1,0,0.07528344956119123,13.283132027407813,38.175,2.5038883749649297,0.7515482455872551,0.342,3.0,0.7142857142857143,0.0,0.0,0.0,0.0,7.0,0.21428571428571427,35.0,0.07142857142857142,0.0,0.0,3.8833808438167856
0,0,0,0,0,0,1,0,0.07528344956119123,13.283132027407813,38.625,3.002360542684463,0.7090972791899943,0.342,3.0,0.7142857142857143,0.0,0.0,0.0,0.0,7.0,0.21428571428571427,35.0,0.07142857142857142,0.0,0.0,3.8833808438167856
0,0,0,0,0,0,1,0,0.07528344956119123,13.283132027407813,41.291666666666664,2.012392419724273,1.1854370072513738,0.411,3.0,0.7142857142857143,0.0,0.0,0.0,0.0,7.0,0.21428571428571427,35.0,0.07142857142857142,0.0,0.0,3.8833808438167856
0,0,0,0,0,0,1,0,0.07528344956119123,13.283132027407813,38.2125,2.509100427622713,0.7662054327009646,0.343,3.0,0.7142857142857143,0.0,0.0,0.0,0.0,7.0,0.21428571428571427,35.0,0.07142857142857142,0.0,0.0,3.8833808438167856
0,0,0,0,0,0,1,0,0.07528344956119123,13.283132027407813,39.25,3.044960755044979,0.7327848966443378,0.343,3.0,0.7142857142857143,0.0,0.0,0.0,0.0,7.0,0.21428571428571427,35.0,0.07142857142857142,0.0,0.0,3.8833808438167856
0,0,0,0,0,0,1,0,0.07528344956119123,13.283132027407813,41.708333333333336,2.0071111503141483,1.2187123247471263,0.438,3.0,0.7142857142857143,0.0,0.0,0.0,0.0,7.0,0.21428571428571427,35.0,0.07142857142857142,0.0,0.0,3.8833808438167856
0,0,0,0,0,0,1,0,0.08891592136875794,11.246579741919723,45.13636363636363,2.3009261899793008,0.6327990376729642,0.014,3.0,0.21568627450980393,20.0,0.16666666666666666,0.0,0.0,5.0,0.13725490196078433,8.0,0.4803921568627451,0.0,0.0,4.9257467645012865
0,0,0,0,0,0,1,0,0.08891592136875794,11.246579741919723,44.411764705882355,2.5270193394996183,0.5975968090200949,0.006,3.0,0.21568627450980393,20.0,0.16666666666666666,0.0,0.0,5.0,0.13725490196078433,8.0,0.4803921568627451,0.0,0.0,4.9257467645012865
0,0,0,0,0,0,1,0,0.08891592136875794,11.246579741919723,46.142857142857146,1.671055056587575,0.7371620201892445,0.092,3.0,0.21568627450980393,20.0,0.16666666666666666,0.0,0.0,5.0,0.13725490196078433,8.0,0.4803921568627451,0.0,0.0,4.9257467645012865
0,0,0,0,0,0,1,0,0.08891592136875794,11.246579741919723,45.59183673469388,2.2003762788318055,0.6335603863927448,0.002,3.0,0.21568627450980393,20.0,0.16666666666666666,0.0,0.0,5.0,0.13725490196078433,8.0,0.4803921568627451,0.0,0.0,4.9257467645012865
0,0,0,0,0,0,1,0,0.08891592136875794,11.246579741919723,45.22727272727273,2.239714977952669,0.6174495760059576,0.01,3.0,0.21568627450980393,20.0,0.16666666666666666,0.0,0.0,5.0,0.13725490196078433,8.0,0.4803921568627451,0.0,0.0,4.9257467645012865
0,0,0,0,0,0,1,0,0.08891592136875794,11.246579741919723,44.705882352941174,2.543418605433371,0.6038309596166865,0.002,3.0,0.21568627450980393,20.0,0.16666666666666666,0.0,0.0,5.0,0.13725490196078433,8.0,0.4803921568627451,0.0,0.0,4.9257467645012865
0,0,0,0,0,0,1,0,0.08891592136875794,11.246579741919723,46.214285714285715,1.6575463801751855,0.7012603609418516,0.1,3.0,0.21568627450980393,20.0,0.16666666666666666,0.0,0.0,5.0,0.13725490196078433,8.0,0.4803921568627451,0.0,0.0,4.9257467645012865
0,0,0,0,0,0,1,0,0.08891592136875794,11.246579741919723,45.673469387755105,2.173842924975277,0.6196398967949309,0.002,3.0,0.21568627450980393,20.0,0.16666666666666666,0.0,0.0,5.0,0.13725490196078433,8.0,0.4803921568627451,0.0,0.0,4.9257467645012865
0,0,0,0,0,0,1,0,0.08891592136875794,11.246579741919723,44.72727272727273,2.2668591078581204,0.6253373518917665,0.014,3.0,0.21568627450980393,20.0,0.16666666666666666,0.0,0.0,5.0,0.13725490196078433,8.0,0.4803921568627451,0.0,0.0,4.9257467645012865
0,0,0,0,0,0,1,0,0.08891592136875794,11.246579741919723,44.8235294117647,2.54451796474054,0.5950642252034972,0.005,3.0,0.21568627450980393,20.0,0.16666666666666666,0.0,0.0,5.0,0.13725490196078433,8.0,0.4803921568627451,0.0,0.0,4.9257467645012865
0,0,0,0,0,0,1,0,0.08891592136875794,11.246579741919723,45.785714285714285,1.6730765753632146,0.7433270244828778,0.101,3.0,0.21568627450980393,20.0,0.16666666666666666,0.0,0.0,5.0,0.13725490196078433,8.0,0.4803921568627451,0.0,0.0,4.9257467645012865
0,0,0,0,0,0,1,0,0.08891592136875794,11.246579741919723,45.61224489795919,2.188565868295548,0.6295278017182877,0.002,3.0,0.21568627450980393,20.0,0.16666666666666666,0.0,0.0,5.0,0.13725490196078433,8.0,0.4803921568627451,0.0,0.0,4.9257467645012865
0,0,0,0,0,0,1,0,0.08891592136875794,11.246579741919723,44.63636363636363,2.247254114321905,0.6287280559833083,0.015,3.0,0.21568627450980393,20.0,0.16666666666666666,0.0,0.0,5.0,0.13725490196078433,8.0,0.4803921568627451,0.0,0.0,4.9257467645012865
0,0,0,0,0,0,1,0,0.08891592136875794,11.246579741919723,44.0,2.5366416564199263,0.579160387682785,0.011,3.0,0.21568627450980393,20.0,0.16666666666666666,0.0,0.0,5.0,0.13725490196078433,8.0,0.4803921568627451,0.0,0.0,4.9257467645012865
0,0,0,0,0,0,1,0,0.08891592136875794,11.246579741919723,46.642857142857146,1.6642966670942243,0.7335346996043618,0.109,3.0,0.21568627450980393,20.0,0.16666666666666666,0.0,0.0,5.0,0.13725490196078433,8.0,0.4803921568627451,0.0,0.0,4.9257467645012865
0,0,0,0,0,0,1,0,0.08891592136875794,11.246579741919723,44.95918367346939,2.1816996506050965,0.614810151277069,0.007,3.0,0.21568627450980393,20.0,0.16666666666666666,0.0,0.0,5.0,0.13725490196078433,8.0,0.4803921568627451,0.0,0.0,4.9257467645012865
0,0,0,0,0,0,1,0,0.08993920321056792,11.118621961312853,44.72,2.2980885494847367,0.6132056616189392,0.14,3.0,0.21929824561403508,48.0,0.14912280701754385,0.0,0.0,5.0,0.14912280701754385,8.0,0.4824561403508772,0.0,0.0,5.244674387177055
0,0,0,0,0,0,1,0,0.08993920321056792,11.118621961312853,43.705882352941174,2.5267729040925513,0.5689600092704419,0.086,3.0,0.21929824561403508,48.0,0.14912280701754385,0.0,0.0,5.0,0.14912280701754385,8.0,0.4824561403508772,0.0,0.0,5.244674387177055
0,0,0,0,0,0,1,0,0.08993920321056792,11.118621961312853,45.05882352941177,1.6679200519651294,0.6426716631082995,0.229,3.0,0.21929824561403508,48.0,0.14912280701754385,0.0,0.0,5.0,0.14912280701754385,8.0,0.4824561403508772,0.0,0.0,5.244674387177055
0,0,0,0,0,0,1,0,0.08993920321056792,11.118621961312853,46.127272727272725,2.134033498188365,0.603299887060404,0.073,3.0,0.21929824561403508,48.0,0.14912280701754385,0.0,0.0,5.0,0.14912280701754385,8.0,0.4824561403508772,0.0,0.0,5.244674387177055
0,0,0,0,0,0,1,0,0.08993920321056792,11.118621961312853,45.56,2.3034881449208067,0.6255689302145336,0.138,3.0,0.21929824561403508,48.0,0.14912280701754385,0.0,0.0,5.0,0.14912280701754385,8.0,0.4824561403508772,0.0,0.0,5.244674387177055
0,0,0,0,0,0,1,0,0.08993920321056792,11.118621961312853,44.411764705882355,2.49346896116065,0.5833164489038813,0.085,3.0,0.21929824561403508,48.0,0.14912280701754385,0.0,0.0,5.0,0.14912280701754385,8.0,0.4824561403508772,0.0,0.0,5.244674387177055
0,0,0,0,0,0,1,0,0.08993920321056792,11.118621961312853,46.11764705882353,1.6877565588301957,0.7123720035776456,0.231,3.0,0.21929824561403508,48.0,0.14912280701754385,0.0,0.0,5.0,0.14912280701754385,8.0,0.4824561403508772,0.0,0.0,5.244674387177055
0,0,0,0,0,0,1,0,0.08993920321056792,11.118621961312853,46.0,2.156076968105488,0.6113477639425818,0.063,3.0,0.21929824561403508,48.0,0.14912280701754385,0.0,0.0,5.0,0.14912280701754385,8.0,0.4824561403508772,0.0,0.0,5.244674387177055
0,0,0,0,0,0,1,0,0.08993920321056792,11.118621961312853,43.64,2.231889232977456,0.601981614494482,0.107,3.0,0.21929824561403508,48.0,0.14912280701754385,0.0,0.0,5.0,0.14912280701754385,8.0,0.4824561403508772,0.0,0.0,5.244674387177055
0,0,0,0,0,0,1,0,0.08993920321056792,11.118621961312853,44.05882352941177,2.547103050770535,0.5354154020659342,0.094,3.0,0.21929824561403508,48.0,0.14912280701754385,0.0,0.0,5.0,0.14912280701754385,8.0,0.4824561403508772,0.0,0.0,5.244674387177055
0,0,0,0,0,0,1,0,0.08993920321056792,11.118621961312853,45.94117647058823,1.6587371320145363,0.5892266105358727,0.235,3.0,0.21929824561403508,48.0,0.14912280701754385,0.0,0.0,5.0,0.14912280701754385,8.0,0.4824561403508772,0.0,0.0,5.244674387177055
0,0,0,0,0,0,1,0,0.08993920321056792,11.118621961312853,45.654545454545456,2.085225750992626,0.6017676583996432,0.076,3.0,0.21929824561403508,48.0,0.14912280701754385,0.0,0.0,5.0,0.14912280701754385,8.0,0.4824561403508772,0.0,0.0,5.244674387177055
0,0,0,0,0,0,1,0,0.08993920321056792,11.118621961312853,45.08,2.243863844715966,0.6142654445576459,0.096,3.0,0.21929824561403508,48.0,0.14912280701754385,0.0,0.0,5.0,0.14912280701754385,8.0,0.4824561403508772,0.0,0.0,5.244674387177055
0,0,0,0,0,0,1,0,0.08993920321056792,11.118621961312853,44.411764705882355,2.529290382592941,0.540431053013476,0.071,3.0,0.21929824561403508,48.0,0.14912280701754385,0.0,0.0,5.0,0.14912280701754385,8.0,0.4824561403508772,0.0,0.0,5.244674387177055
0,0,0,0,0,0,1,0,0.08993920321056792,11.118621961312853,45.23529411764706,1.6621534811619092,0.5985202464267156,0.234,3.0,0.21929824561403508,48.0,0.14912280701754385,0.0,0.0,5.0,0.14912280701754385,8.0,0.4824561403508772,0.0,0.0,5.244674387177055
0,0,0,0,0,0,1,0,0.08993920321056792,11.118621961312853,45.8,2.102957913793901,0.5911031851652001,0.048,3.0,0.21929824561403508,48.0,0.14912280701754385,0.0,0.0,5.0,0.14912280701754385,8.0,0.4824561403508772,0.0,0.0,5.244674387177055
0,0,0,0,0,0,1,0,0.031450785506764355,31.79570824343712,17.208333333333332,3.680614318743535,0.6698818141569483,0.083,3.0,0.1875,21.0,0.0625,55.0,0.1875,17.0,0.5625,0.0,0.0,0.0,0.0,5.045963633783032
0,0,0,0,0,0,1,0,0.031450785506764355,31.79570824343712,16.458333333333332,2.7332431887067137,0.7696441133067852,0.293,3.0,0.1875,21.0,0.0625,55.0,0.1875,17.0,0.5625,0.0,0.0,0.0,0.0,5.045963633783032
0,0,0,0,0,0,1,0,0.031450785506764355,31.79570824343712,14.25,2.565804795295341,0.9347463757878858,0.284,3.0,0.1875,21.0,0.0625,55.0,0.1875,17.0,0.5625,0.0,0.0,0.0,0.0,5.045963633783032
0,0,0,0,0,0,1,0,0.031450785506764355,31.79570824343712,15.86111111111111,3.2436441467904364,0.7256098546683742,0.319,3.0,0.1875,21.0,0.0625,55.0,0.1875,17.0,0.5625,0.0,0.0,0.0,0.0,5.045963633783032
0,0,0,0,0,0,1,0,0.031450785506764355,31.79570824343712,16.291666666666668,3.6852522668001435,0.6837635675555918,0.106,3.0,0.1875,21.0,0.0625,55.0,0.1875,17.0,0.5625,0.0,0.0,0.0,0.0,5.045963633783032
0,0,0,0,0,0,1,0,0.031450785506764355,31.79570824343712,15.916666666666666,2.784608028482841,0.776251310852102,0.289,3.0,0.1875,21.0,0.0625,55.0,0.1875,17.0,0.5625,0.0,0.0,0.0,0.0,5.045963633783032
0,0,0,0,0,0,1,0,0.031450785506764355,31.79570824343712,13.5,2.6122739177582917,0.9167451415522473,0.297,3.0,0.1875,21.0,0.0625,55.0,0.1875,17.0,0.5625,0.0,0.0,0.0,0.0,5.045963633783032
0,0,0,0,0,0,1,0,0.031450785506764355,31.79570824343712,15.847222222222221,3.253184225163671,0.7311728162099005,0.335,3.0,0.1875,21.0,0.0625,55.0,0.1875,17.0,0.5625,0.0,0.0,0.0,0.0,5.045963633783032
0,0,0,0,0,0,1,0,0.031450785506764355,31.79570824343712,16.916666666666668,3.7190837781600177,0.6779783311493107,0.085,3.0,0.1875,21.0,0.0625,55.0,0.1875,17.0,0.5625,0.0,0.0,0.0,0.0,5.045963633783032
0,0,0,0,0,0,1,0,0.031450785506764355,31.79570824343712,14.958333333333334,2.7070401651206386,0.8040448716755066,0.284,3.0,0.1875,21.0,0.0625,55.0,0.1875,17.0,0.5625,0.0,0.0,0.0,0.0,5.045963633783032
0,0,0,0,0,0,1,0,0.031450785506764355,31.79570824343712,14.5,2.5154943955860274,1.0386146957478415,0.277,3.0,0.1875,21.0,0.0625,55.0,0.1875,17.0,0.5625,0.0,0.0,0.0,0.0,5.045963633783032
0,0,0,0,0,0,1,0,0.031450785506764355,31.79570824343712,15.569444444444445,3.2544190052101407,0.7369732277239238,0.333,3.0,0.1875,21.0,0.0625,55.0,0.1875,17.0,0.5625,0.0,0.0,0.0,0.0,5.045963633783032
0,0,0,0,0,0,1,0,0.031450785506764355,31.79570824343712,17.25,3.713716919981169,0.6690161465876199,0.089,3.0,0.1875,21.0,0.0625,55.0,0.1875,17.0,0.5625,0.0,0.0,0.0,0.0,5.045963633783032
0,0,0,0,0,0,1,0,0.031450785506764355,31.79570824343712,14.833333333333334,2.734139150086792,0.8252638751891066,0.284,3.0,0.1875,21.0,0.0625,55.0,0.1875,17.0,0.5625,0.0,0.0,0.0,0.0,5.045963633783032
0,0,0,0,0,0,1,0,0.031450785506764355,31.79570824343712,14.0,2.535030640484128,0.9891395233292649,0.276,3.0,0.1875,21.0,0.0625,55.0,0.1875,17.0,0.5625,0.0,0.0,0.0,0.0,5.045963633783032
0,0,0,0,0,0,1,0,0.031450785506764355,31.79570824343712,15.75,3.2554956949215574,0.7329590576692608,0.361,3.0,0.1875,21.0,0.0625,55.0,0.1875,17.0,0.5625,0.0,0.0,0.0,0.0,5.045963633783032
0,0,0,0,0,0,1,0,0.07550025049783096,13.24498916766811,37.75,2.3337029700905956,0.5727991752637184,0.35,3.0,0.10714285714285714,64.0,0.03571428571428571,0.0,0.0,7.0,0.21428571428571427,8.0,0.6428571428571429,0.0,0.0,6.59078977431528
0,0,0,0,0,0,1,0,0.07550025049783096,13.24498916766811,36.25,2.5456945687725963,0.6270141692791247,0.305,3.0,0.10714285714285714,64.0,0.03571428571428571,0.0,0.0,7.0,0.21428571428571427,8.0,0.6428571428571429,0.0,0.0,6.59078977431528
0,0,0,0,0,0,1,0,0.07550025049783096,13.24498916766811,41.208333333333336,1.496332569696501,0.7765860742787746,0.437,3.0,0.10714285714285714,64.0,0.03571428571428571,0.0,0.0,7.0,0.21428571428571427,8.0,0.6428571428571429,0.0,0.0,6.59078977431528
0,0,0,0,0,0,1,0,0.07550025049783096,13.24498916766811,39.59722222222222,2.3485476907009915,0.5555961523819133,0.264,3.0,0.10714285714285714,64.0,0.03571428571428571,0.0,0.0,7.0,0.21428571428571427,8.0,0.6428571428571429,0.0,0.0,6.59078977431528
0,0,0,0,0,0,1,0,0.07550025049783096,13.24498916766811,40.0,2.363434592918598,0.584566667204272,0.375,3.0,0.10714285714285714,64.0,0.03571428571428571,0.0,0.0,7.0,0.21428571428571427,8.0,0.6428571428571429,0.0,0.0,6.59078977431528
0,0,0,0,0,0,1,0,0.07550025049783096,13.24498916766811,40.5,2.492625428193945,0.5873691220532314,0.333,3.0,0.10714285714285714,64.0,0.03571428571428571,0.0,0.0,7.0,0.21428571428571427,8.0,0.6428571428571429,0.0,0.0,6.59078977431528
0,0,0,0,0,0,1,0,0.07550025049783096,13.24498916766811,42.375,1.4974690616819297,0.7072033123632373,0.42,3.0,0.10714285714285714,64.0,0.03571428571428571,0.0,0.0,7.0,0.21428571428571427,8.0,0.6428571428571429,0.0,0.0,6.59078977431528
0,0,0,0,0,0,1,0,0.07550025049783096,13.24498916766811,39.93055555555556,2.3054624427790698,0.5370949665546702,0.308,3.0,0.10714285714285714,64.0,0.03571428571428571,0.0,0.0,7.0,0.21428571428571427,8.0,0.6428571428571429,0.0,0.0,6.59078977431528
0,0,0,0,0,0,1,0,0.07550025049783096,13.24498916766811,37.333333333333336,2.3209665834232918,0.6186847618328991,0.35,3.0,0.10714285714285714,64.0,0.03571428571428571,0.0,0.0,7.0,0.21428571428571427,8.0,0.6428571428571429,0.0,0.0,6.59078977431528
0,0,0,0,0,0,1,0,0.07550025049783096,13.24498916766811,39.25,2.4782880647205445,0.6896887905615187,0.303,3.0,0.10714285714285714,64.0,0.03571428571428571,0.0,0.0,7.0,0.21428571428571427,8.0,0.6428571428571429,0.0,0.0,6.59078977431528
0,0,0,0,0,0,1,0,0.07550025049783096,13.24498916766811,41.208333333333336,1.4922391779934097,0.6951928677475773,0.409,3.0,0.10714285714285714,64.0,0.03571428571428571,0.0,0.0,7.0,0.21428571428571427,8.0,0.6428571428571429,0.0,0.0,6.59078977431528
0,0,0,0,0,0,1,0,0.07550025049783096,13.24498916766811,39.30555555555556,2.3368706759583886,0.5552768729673394,0.273,3.0,0.10714285714285714,64.0,0.03571428571428571,0.0,0.0,7.0,0.21428571428571427,8.0,0.6428571428571429,0.0,0.0,6.59078977431528
0,0,0,0,0,0,1,0,0.07550025049783096,13.24498916766811,37.083333333333336,2.2491380626063417,0.6311754998150665,0.36,3.0,0.10714285714285714,64.0,0.03571428571428571,0.0,0.0,7.0,0.21428571428571427,8.0,0.6428571428571429,0.0,0.0,6.59078977431528
0,0,0,0,0,0,1,0,0.07550025049783096,13.24498916766811,35.0,2.53538818132603,0.7454051661187409,0.368,3.0,0.10714285714285714,64.0,0.03571428571428571,0.0,0.0,7.0,0.21428571428571427,8.0,0.6428571428571429,0.0,0.0,6.59078977431528
0,0,0,0,0,0,1,0,0.07550025049783096,13.24498916766811,39.791666666666664,1.4926109527182356,0.7371397908568923,0.399,3.0,0.10714285714285714,64.0,0.03571428571428571,0.0,0.0,7.0,0.21428571428571427,8.0,0.6428571428571429,0.0,0.0,6.59078977431528
0,0,0,0,0,0,1,0,0.07550025049783096,13.24498916766811,39.333333333333336,2.368509477922716,0.5447598209686922,0.329,3.0,0.10714285714285714,64.0,0.03571428571428571,0.0,0.0,7.0,0.21428571428571427,8.0,0.6428571428571429,0.0,0.0,6.59078977431528
0,0,0,0,0,0,1,0,0.0967208971576066,10.339027339360811,49.75,2.3181406260145603,0.5854227392948252,0.633,3.0,0.20689655172413793,0.0,0.0,0.0,0.0,5.0,0.1724137931034483,8.0,0.5344827586206896,32.0,0.08620689655172414,5.415615332850639
0,0,0,0,0,0,1,0,0.0967208971576066,10.339027339360811,49.8,1.9600215686529268,0.6385625004542802,0.672,3.0,0.20689655172413793,0.0,0.0,0.0,0.0,5.0,0.1724137931034483,8.0,0.5344827586206896,32.0,0.08620689655172414,5.415615332850639
0,0,0,0,0,0,1,0,0.0967208971576066,10.339027339360811,49.35,1.6475990893801484,0.6962912677976069,0.722,3.0,0.20689655172413793,0.0,0.0,0.0,0.0,5.0,0.1724137931034483,8.0,0.5344827586206896,32.0,0.08620689655172414,5.415615332850639
0,0,0,0,0,0,1,0,0.0967208971576066,10.339027339360811,49.79032258064516,2.12193853524582,0.5911200898307738,0.577,3.0,0.20689655172413793,0.0,0.0,0.0,0.0,5.0,0.1724137931034483,8.0,0.5344827586206896,32.0,0.08620689655172414,5.415615332850639
0,0,0,0,0,0,1,0,0.0967208971576066,10.339027339360811,48.291666666666664,2.310979786389541,0.5788001350942257,0.665,3.0,0.20689655172413793,0.0,0.0,0.0,0.0,5.0,0.1724137931034483,8.0,0.5344827586206896,32.0,0.08620689655172414,5.415615332850639
0,0,0,0,0,0,1,0,0.0967208971576066,10.339027339360811,49.6,1.9048389887068562,0.6158261417257345,0.679,3.0,0.20689655172413793,0.0,0.0,0.0,0.0,5.0,0.1724137931034483,8.0,0.5344827586206896,32.0,0.08620689655172414,5.415615332850639
0,0,0,0,0,0,1,0,0.0967208971576066,10.339027339360811,49.7,1.6124635826351388,0.6765741807251354,0.756,3.0,0.20689655172413793,0.0,0.0,0.0,0.0,5.0,0.1724137931034483,8.0,0.5344827586206896,32.0,0.08620689655172414,5.415615332850639
0,0,0,0,0,0,1,0,0.0967208971576066,10.339027339360811,49.91935483870968,2.0952749756283384,0.5773902972728683,0.645,3.0,0.20689655172413793,0.0,0.0,0.0,0.0,5.0,0.1724137931034483,8.0,0.5344827586206896,32.0,0.08620689655172414,5.415615332850639
0,0,0,0,0,0,1,0,0.0967208971576066,10.339027339360811,50.083333333333336,2.3106381890611796,0.5617543560987309,0.656,3.0,0.20689655172413793,0.0,0.0,0.0,0.0,5.0,0.1724137931034483,8.0,0.5344827586206896,32.0,0.08620689655172414,5.415615332850639
0,0,0,0,0,0,1,0,0.0967208971576066,10.339027339360811,49.6,1.931644228544211,0.5946361036255766,0.658,3.0,0.20689655172413793,0.0,0.0,0.0,0.0,5.0,0.1724137931034483,8.0,0.5344827586206896,32.0,0.08620689655172414,5.415615332850639
0,0,0,0,0,0,1,0,0.0967208971576066,10.339027339360811,49.25,1.6057183289112167,0.6785296857159583,0.725,3.0,0.20689655172413793,0.0,0.0,0.0,0.0,5.0,0.1724137931034483,8.0,0.5344827586206896,32.0,0.08620689655172414,5.415615332850639
0,0,0,0,0,0,1,0,0.0967208971576066,10.339027339360811,49.596774193548384,2.0917665359150055,0.5777407910383817,0.634,3.0,0.20689655172413793,0.0,0.0,0.0,0.0,5.0,0.1724137931034483,8.0,0.5344827586206896,32.0,0.08620689655172414,5.415615332850639
0,0,0,0,0,0,1,0,0.0967208971576066,10.339027339360811,48.875,2.3570364162713777,0.5669934652210128,0.658,3.0,0.20689655172413793,0.0,0.0,0.0,0.0,5.0,0.1724137931034483,8.0,0.5344827586206896,32.0,0.08620689655172414,5.415615332850639
0,0,0,0,0,0,1,0,0.0967208971576066,10.339027339360811,49.3,1.9335178368585448,0.6139716018464145,0.684,3.0,0.20689655172413793,0.0,0.0,0.0,0.0,5.0,0.1724137931034483,8.0,0.5344827586206896,32.0,0.08620689655172414,5.415615332850639
0,0,0,0,0,0,1,0,0.0967208971576066,10.339027339360811,49.15,1.61492604813638,0.7216812214823187,0.721,3.0,0.20689655172413793,0.0,0.0,0.0,0.0,5.0,0.1724137931034483,8.0,0.5344827586206896,32.0,0.08620689655172414,5.415615332850639
0,0,0,0,0,0,1,0,0.0967208971576066,10.339027339360811,49.435483870967744,2.1129275178522247,0.5947834069046728,0.61,3.0,0.20689655172413793,0.0,0.0,0.0,0.0,5.0,0.1724137931034483,8.0,0.5344827586206896,32.0,0.08620689655172414,5.415615332850639
0,0,0,0,0,0,1,0,0.09155337239428611,10.922590548531344,46.714285714285715,2.282519053213672,0.6142430804033838,0.125,3.0,0.2028985507246377,57.0,0.10144927536231885,0.0,0.0,5.0,0.18115942028985507,8.0,0.5144927536231884,0.0,0.0,5.150192412480395
0,0,0,0,0,0,1,0,0.09155337239428611,10.922590548531344,46.142857142857146,2.586178262624999,0.5845768997998071,0.072,3.0,0.2028985507246377,57.0,0.10144927536231885,0.0,0.0,5.0,0.18115942028985507,8.0,0.5144927536231884,0.0,0.0,5.150192412480395
0,0,0,0,0,0,1,0,0.09155337239428611,10.922590548531344,43.8,1.7182944871676675,0.6347118666244403,0.197,3.0,0.2028985507246377,57.0,0.10144927536231885,0.0,0.0,5.0,0.18115942028985507,8.0,0.5144927536231884,0.0,0.0,5.150192412480395
0,0,0,0,0,0,1,0,0.09155337239428611,10.922590548531344,45.394366197183096,2.2091892283170766,0.6170848710322394,0.07,3.0,0.2028985507246377,57.0,0.10144927536231885,0.0,0.0,5.0,0.18115942028985507,8.0,0.5144927536231884,0.0,0.0,5.150192412480395
0,0,0,0,0,0,1,0,0.09155337239428611,10.922590548531344,47.035714285714285,2.2349834277716836,0.6179254907983642,0.104,3.0,0.2028985507246377,57.0,0.10144927536231885,0.0,0.0,5.0,0.18115942028985507,8.0,0.5144927536231884,0.0,0.0,5.150192412480395
0,0,0,0,0,0,1,0,0.09155337239428611,10.922590548531344,45.857142857142854,2.5890708431101976,0.570005418809027,0.069,3.0,0.2028985507246377,57.0,0.10144927536231885,0.0,0.0,5.0,0.18115942028985507,8.0,0.5144927536231884,0.0,0.0,5.150192412480395
0,0,0,0,0,0,1,0,0.09155337239428611,10.922590548531344,43.92,1.6892872760556177,0.6263638971730853,0.206,3.0,0.2028985507246377,57.0,0.10144927536231885,0.0,0.0,5.0,0.18115942028985507,8.0,0.5144927536231884,0.0,0.0,5.150192412480395
0,0,0,0,0,0,1,0,0.09155337239428611,10.922590548531344,45.478873239436616,2.194944919013821,0.5878424031058431,0.072,3.0,0.2028985507246377,57.0,0.10144927536231885,0.0,0.0,5.0,0.18115942028985507,8.0,0.5144927536231884,0.0,0.0,5.150192412480395
0,0,0,0,0,0,1,0,0.09155337239428611,10.922590548531344,46.357142857142854,2.2725360700572876,0.6014091160903592,0.123,3.0,0.2028985507246377,57.0,0.10144927536231885,0.0,0.0,5.0,0.18115942028985507,8.0,0.5144927536231884,0.0,0.0,5.150192412480395
0,0,0,0,0,0,1,0,0.09155337239428611,10.922590548531344,45.142857142857146,2.587612026689723,0.5846597292407897,0.101,3.0,0.2028985507246377,57.0,0.10144927536231885,0.0,0.0,5.0,0.18115942028985507,8.0,0.5144927536231884,0.0,0.0,5.150192412480395
0,0,0,0,0,0,1,0,0.09155337239428611,10.922590548531344,44.0,1.69325790126287,0.6242970290605547,0.212,3.0,0.2028985507246377,57.0,0.10144927536231885,0.0,0.0,5.0,0.18115942028985507,8.0,0.5144927536231884,0.0,0.0,5.150192412480395
0,0,0,0,0,0,1,0,0.09155337239428611,10.922590548531344,45.12676056338028,2.2082712029185307,0.6050933264061379,0.082,3.0,0.2028985507246377,57.0,0.10144927536231885,0.0,0.0,5.0,0.18115942028985507,8.0,0.5144927536231884,0.0,0.0,5.150192412480395
0,0,0,0,0,0,1,0,0.09155337239428611,10.922590548531344,46.82142857142857,2.2663798473581385,0.6152530418568103,0.079,3.0,0.2028985507246377,57.0,0.10144927536231885,0.0,0.0,5.0,0.18115942028985507,8.0,0.5144927536231884,0.0,0.0,5.150192412480395
0,0,0,0,0,0,1,0,0.09155337239428611,10.922590548531344,45.57142857142857,2.5870687566647246,0.578797104234879,0.082,3.0,0.2028985507246377,57.0,0.10144927536231885,0.0,0.0,5.0,0.18115942028985507,8.0,0.5144927536231884,0.0,0.0,5.150192412480395
0,0,0,0,0,0,1,0,0.09155337239428611,10.922590548531344,43.64,1.7018291800598382,0.6377144463717566,0.203,3.0,0.2028985507246377,57.0,0.10144927536231885,0.0,0.0,5.0,0.18115942028985507,8.0,0.5144927536231884,0.0,0.0,5.150192412480395
0,0,0,0,0,0,1,0,0.09155337239428611,10.922590548531344,45.46478873239437,2.2052675886375064,0.6042333880292065,0.058,3.0,0.2028985507246377,57.0,0.10144927536231885,0.0,0.0,5.0,0.18115942028985507,8.0,0.5144927536231884,0.0,0.0,5.150192412480395
0,0,0,0,0,0,1,0,0.09583529266521558,10.434569271816503,48.416666666666664,2.3593405516580677,0.574699699483654,0.121,3.0,0.23076923076923078,25.0,0.1346153846153846,0.0,0.0,5.0,0.15384615384615385,8.0,0.4807692307692308,0.0,0.0,5.082737190591502
0,0,0,0,0,0,1,0,0.09583529266521558,10.434569271816503,48.07142857142857,2.1392836635661063,0.6349886714786778,0.193,3.0,0.23076923076923078,25.0,0.1346153846153846,0.0,0.0,5.0,0.15384615384615385,8.0,0.4807692307692308,0.0,0.0,5.082737190591502
0,0,0,0,0,0,1,0,0.09583529266521558,10.434569271816503,48.125,1.7254387871449381,0.6371801368546339,0.273,3.0,0.23076923076923078,25.0,0.1346153846153846,0.0,0.0,5.0,0.15384615384615385,8.0,0.4807692307692308,0.0,0.0,5.082737190591502
0,0,0,0,0,0,1,0,0.09583529266521558,10.434569271816503,49.14,2.099435261623101,0.5970013124458027,0.08,3.0,0.23076923076923078,25.0,0.1346153846153846,0.0,0.0,5.0,0.15384615384615385,8.0,0.4807692307692308,0.0,0.0,5.082737190591502
0,0,0,0,0,0,1,0,0.09583529266521558,10.434569271816503,48.75,2.3668151556674624,0.5684222428924075,0.124,3.0,0.23076923076923078,25.0,0.1346153846153846,0.0,0.0,5.0,0.15384615384615385,8.0,0.4807692307692308,0.0,0.0,5.082737190591502
0,0,0,0,0,0,1,0,0.09583529266521558,10.434569271816503,47.57142857142857,2.137110990148918,0.6216305281316441,0.157,3.0,0.23076923076923078,25.0,0.1346153846153846,0.0,0.0,5.0,0.15384615384615385,8.0,0.4807692307692308,0.0,0.0,5.082737190591502
0,0,0,0,0,0,1,0,0.09583529266521558,10.434569271816503,48.625,1.718074131699295,0.6399247578585009,0.227,3.0,0.23076923076923078,25.0,0.1346153846153846,0.0,0.0,5.0,0.15384615384615385,8.0,0.4807692307692308,0.0,0.0,5.082737190591502
0,0,0,0,0,0,1,0,0.09583529266521558,10.434569271816503,49.32,2.085815448508794,0.6031929356202096,0.079,3.0,0.23076923076923078,25.0,0.1346153846153846,0.0,0.0,5.0,0.15384615384615385,8.0,0.4807692307692308,0.0,0.0,5.082737190591502
0,0,0,0,0,0,1,0,0.09583529266521558,10.434569271816503,48.916666666666664,2.385848230717533,0.5725008095268302,0.112,3.0,0.23076923076923078,25.0,0.1346153846153846,0.0,0.0,5.0,0.15384615384615385,8.0,0.4807692307692308,0.0,0.0,5.082737190591502
0,0,0,0,0,0,1,0,0.09583529266521558,10.434569271816503,48.642857142857146,2.104458661218184,0.6539080711469408,0.191,3.0,0.23076923076923078,25.0,0.1346153846153846,0.0,0.0,5.0,0.15384615384615385,8.0,0.4807692307692308,0.0,0.0,5.082737190591502
0,0,0,0,0,0,1,0,0.09583529266521558,10.434569271816503,48.4375,1.7102496517522194,0.641252335404086,0.236,3.0,0.23076923076923078,25.0,0.1346153846153846,0.0,0.0,5.0,0.15384615384615385,8.0,0.4807692307692308,0.0,0.0,5.082737190591502
0,0,0,0,0,0,1,0,0.09583529266521558,10.434569271816503,49.72,2.1120343137863093,0.5957924154476589,0.07,3.0,0.23076923076923078,25.0,0.1346153846153846,0.0,0.0,5.0,0.15384615384615385,8.0,0.4807692307692308,0.0,0.0,5.082737190591502
0,0,0,0,0,0,1,0,0.09583529266521558,10.434569271816503,47.916666666666664,2.3309329287913827,0.5577723381097764,0.097,3.0,0.23076923076923078,25.0,0.1346153846153846,0.0,0.0,5.0,0.15384615384615385,8.0,0.4807692307692308,0.0,0.0,5.082737190591502
0,0,0,0,0,0,1,0,0.09583529266521558,10.434569271816503,47.642857142857146,2.1428222272981903,0.6385112912216829,0.158,3.0,0.23076923076923078,25.0,0.1346153846153846,0.0,0.0,5.0,0.15384615384615385,8.0,0.4807692307692308,0.0,0.0,5.082737190591502
0,0,0,0,0,0,1,0,0.09583529266521558,10.434569271816503,47.8125,1.7221284894992877,0.6058929199287489,0.241,3.0,0.23076923076923078,25.0,0.1346153846153846,0.0,0.0,5.0,0.15384615384615385,8.0,0.4807692307692308,0.0,0.0,5.082737190591502
0,0,0,0,0,0,1,0,0.09583529266521558,10.434569271816503,48.92,2.086257312812551,0.5896577960165469,0.064,3.0,0.23076923076923078,25.0,0.1346153846153846,0.0,0.0,5.0,0.15384615384615385,8.0,0.4807692307692308,0.0,0.0,5.082737190591502
0,0,0,0,0,0,1,0,0.045938853045709216,21.768066325143096,23.555555555555557,2.880315494875058,0.6736051691472267,0.381,3.0,0.25,60.0,0.05555555555555555,0.0,0.0,15.0,0.1388888888888889,16.0,0.5555555555555556,0.0,0.0,4.910222565193072
0,0,0,0,0,0,1,0,0.045938853045709216,21.768066325143096,21.0,3.0048527872967985,0.7282504414515165,0.248,3.0,0.25,60.0,0.05555555555555555,0.0,0.0,15.0,0.1388888888888889,16.0,0.5555555555555556,0.0,0.0,4.910222565193072
0,0,0,0,0,0,1,0,0.045938853045709216,21.768066325143096,20.2,2.231270289718634,0.8472538717850036,0.55,3.0,0.25,60.0,0.05555555555555555,0.0,0.0,15.0,0.1388888888888889,16.0,0.5555555555555556,0.0,0.0,4.910222565193072
0,0,0,0,0,0,1,0,0.045938853045709216,21.768066325143096,22.45,2.9149756055220024,0.677427020988355,0.362,3.0,0.25,60.0,0.05555555555555555,0.0,0.0,15.0,0.1388888888888889,16.0,0.5555555555555556,0.0,0.0,4.910222565193072
0,0,0,0,0,0,1,0,0.045938853045709216,21.768066325143096,23.666666666666668,2.8308113811080133,0.6839872730386998,0.373,3.0,0.25,60.0,0.05555555555555555,0.0,0.0,15.0,0.1388888888888889,16.0,0.5555555555555556,0.0,0.0,4.910222565193072
0,0,0,0,0,0,1,0,0.045938853045709216,21.768066325143096,20.25,2.9762882304140845,0.6773592387240553,0.264,3.0,0.25,60.0,0.05555555555555555,0.0,0.0,15.0,0.1388888888888889,16.0,0.5555555555555556,0.0,0.0,4.910222565193072
0,0,0,0,0,0,1,0,0.045938853045709216,21.768066325143096,19.2,2.2535643202877367,0.7704773976905408,0.535,3.0,0.25,60.0,0.05555555555555555,0.0,0.0,15.0,0.1388888888888889,16.0,0.5555555555555556,0.0,0.0,4.910222565193072
0,0,0,0,0,0,1,0,0.045938853045709216,21.768066325143096,22.325,2.9059383095228015,0.6561189110439798,0.373,3.0,0.25,60.0,0.05555555555555555,0.0,0.0,15.0,0.1388888888888889,16.0,0.5555555555555556,0.0,0.0,4.910222565193072
0,0,0,0,0,0,1,0,0.045938853045709216,21.768066325143096,24.61111111111111,2.8379575319936547,0.6471344887284102,0.348,3.0,0.25,60.0,0.05555555555555555,0.0,0.0,15.0,0.1388888888888889,16.0,0.5555555555555556,0.0,0.0,4.910222565193072
0,0,0,0,0,0,1,0,0.045938853045709216,21.768066325143096,22.5,2.955761947550813,0.6944859767146687,0.238,3.0,0.25,60.0,0.05555555555555555,0.0,0.0,15.0,0.1388888888888889,16.0,0.5555555555555556,0.0,0.0,4.910222565193072
0,0,0,0,0,0,1,0,0.045938853045709216,21.768066325143096,19.9,2.2289873801598046,0.7736014622403962,0.506,3.0,0.25,60.0,0.05555555555555555,0.0,0.0,15.0,0.1388888888888889,16.0,0.5555555555555556,0.0,0.0,4.910222565193072
0,0,0,0,0,0,1,0,0.045938853045709216,21.768066325143096,22.65,2.8999967672685454,0.6500604044809002,0.377,3.0,0.25,60.0,0.05555555555555555,0.0,0.0,15.0,0.1388888888888889,16.0,0.5555555555555556,0.0,0.0,4.910222565193072
0,0,0,0,0,0,1,0,0.045938853045709216,21.768066325143096,23.88888888888889,2.879587764841864,0.6403119680491209,0.403,3.0,0.25,60.0,0.05555555555555555,0.0,0.0,15.0,0.1388888888888889,16.0,0.5555555555555556,0.0,0.0,4.910222565193072
0,0,0,0,0,0,1,0,0.045938853045709216,21.768066325143096,22.0,2.917917121777932,0.7765539791925606,0.27,3.0,0.25,60.0,0.05555555555555555,0.0,0.0,15.0,0.1388888888888889,16.0,0.5555555555555556,0.0,0.0,4.910222565193072
0,0,0,0,0,0,1,0,0.045938853045709216,21.768066325143096,21.4,2.2320043318136356,0.7680551520846407,0.553,3.0,0.25,60.0,0.05555555555555555,0.0,0.0,15.0,0.1388888888888889,16.0,0.5555555555555556,0.0,0.0,4.910222565193072
0,0,0,0,0,0,1,0,0.045938853045709216,21.768066325143096,22.7,2.887419427125259,0.6572240672627995,0.389,3.0,0.25,60.0,0.05555555555555555,0.0,0.0,15.0,0.1388888888888889,16.0,0.5555555555555556,0.0,0.0,4.910222565193072
0,0,0,0,0,0,1,0,0.03346061977542777,29.885877987662465,16.066666666666666,3.5632599608453077,0.6630736518989836,0.61,3.0,0.23958333333333334,21.0,0.052083333333333336,37.0,0.15625,17.0,0.5520833333333334,0.0,0.0,0.0,0.0,5.089045363465595
0,0,0,0,0,0,1,0,0.03346061977542777,29.885877987662465,16.304347826086957,2.776254155536044,0.7427512053529487,0.715,3.0,0.23958333333333334,21.0,0.052083333333333336,37.0,0.15625,17.0,0.5520833333333334,0.0,0.0,0.0,0.0,5.089045363465595
0,0,0,0,0,0,1,0,0.03346061977542777,29.885877987662465,15.0,2.5678450562097446,0.8261921771107341,0.733,3.0,0.23958333333333334,21.0,0.052083333333333336,37.0,0.15625,17.0,0.5520833333333334,0.0,0.0,0.0,0.0,5.089045363465595
0,0,0,0,0,0,1,0,0.03346061977542777,29.885877987662465,16.92452830188679,3.1651755594560345,0.6957700549190261,0.763,3.0,0.23958333333333334,21.0,0.052083333333333336,37.0,0.15625,17.0,0.5520833333333334,0.0,0.0,0.0,0.0,5.089045363465595
0,0,0,0,0,0,1,0,0.03346061977542777,29.885877987662465,17.533333333333335,3.5209664971209422,0.6451273378474066,0.67,3.0,0.23958333333333334,21.0,0.052083333333333336,37.0,0.15625,17.0,0.5520833333333334,0.0,0.0,0.0,0.0,5.089045363465595
0,0,0,0,0,0,1,0,0.03346061977542777,29.885877987662465,17.0,2.833264951550656,0.7408180600266532,0.769,3.0,0.23958333333333334,21.0,0.052083333333333336,37.0,0.15625,17.0,0.5520833333333334,0.0,0.0,0.0,0.0,5.089045363465595
0,0,0,0,0,0,1,0,0.03346061977542777,29.885877987662465,15.8,2.5836743708674694,0.8858885605210867,0.768,3.0,0.23958333333333334,21.0,0.052083333333333336,37.0,0.15625,17.0,0.5520833333333334,0.0,0.0,0.0,0.0,5.089045363465595
0,0,0,0,0,0,1,0,0.03346061977542777,29.885877987662465,17.07547169811321,3.189600178110474,0.6988377800947632,0.775,3.0,0.23958333333333334,21.0,0.052083333333333336,37.0,0.15625,17.0,0.5520833333333334,0.0,0.0,0.0,0.0,5.089045363465595
0,0,0,0,0,0,1,0,0.03346061977542777,29.885877987662465,17.266666666666666,3.5685399507626974,0.6684138415743177,0.626,3.0,0.23958333333333334,21.0,0.052083333333333336,37.0,0.15625,17.0,0.5520833333333334,0.0,0.0,0.0,0.0,5.089045363465595
0,0,0,0,0,0,1,0,0.03346061977542777,29.885877987662465,16.695652173913043,2.7673141824349723,0.7185459522118651,0.76,3.0,0.23958333333333334,21.0,0.052083333333333336,37.0,0.15625,17.0,0.5520833333333334,0.0,0.0,0.0,0.0,5.089045363465595
0,0,0,0,0,0,1,0,0.03346061977542777,29.885877987662465,15.2,2.557442360170671,0.7735051087743291,0.752,3.0,0.23958333333333334,21.0,0.052083333333333336,37.0,0.15625,17.0,0.5520833333333334,0.0,0.0,0.0,0.0,5.089045363465595
0,0,0,0,0,0,1,0,0.03346061977542777,29.885877987662465,16.660377358490567,3.1681122221264624,0.6852848136785882,0.788,3.0,0.23958333333333334,21.0,0.052083333333333336,37.0,0.15625,17.0,0.5520833333333334,0.0,0.0,0.0,0.0,5.089045363465595
0,0,0,0,0,0,1,0,0.03346061977542777,29.885877987662465,16.8,3.576503800468784,0.6660194814193778,0.635,3.0,0.23958333333333334,21.0,0.052083333333333336,37.0,0.15625,17.0,0.5520833333333334,0.0,0.0,0.0,0.0,5.089045363465595
0,0,0,0,0,0,1,0,0.03346061977542777,29.885877987662465,16.652173913043477,2.8141833229508486,0.7651625503256007,0.749,3.0,0.23958333333333334,21.0,0.052083333333333336,37.0,0.15625,17.0,0.5520833333333334,0.0,0.0,0.0,0.0,5.089045363465595
0,0,0,0,0,0,1,0,0.03346061977542777,29.885877987662465,15.4,2.5775839334273054,0.838191482857509,0.786,3.0,0.23958333333333334,21.0,0.052083333333333336,37.0,0.15625,17.0,0.5520833333333334,0.0,0.0,0.0,0.0,5.089045363465595
0,0,0,0,0,0,1,0,0.03346061977542777,29.885877987662465,17.09433962264151,3.178903562934874,0.7038784446789678,0.795,3.0,0.23958333333333334,21.0,0.052083333333333336,37.0,0.15625,17.0,0.5520833333333334,0.0,0.0,0.0,0.0,5.089045363465595
0,0,0,0,0,0,1,0,0.046947232274178886,21.30051020174842,26.791666666666668,2.79860133312253,0.6232855235991887,0.635,3.0,0.25,50.0,0.125,0.0,0.0,14.0,0.125,16.0,0.5,0.0,0.0,4.778641895240668
0,0,0,0,0,0,1,0,0.046947232274178886,21.30051020174842,22.0,2.3215745196915694,0.6755144591215915,0.755,3.0,0.25,50.0,0.125,0.0,0.0,14.0,0.125,16.0,0.5,0.0,0.0,4.778641895240668
0,0,0,0,0,0,1,0,0.046947232274178886,21.30051020174842,24.0,3.1598652302805625,0.6614272762840201,0.668,3.0,0.25,50.0,0.125,0.0,0.0,14.0,0.125,16.0,0.5,0.0,0.0,4.778641895240668
0,0,0,0,0,0,1,0,0.046947232274178886,21.30051020174842,22.395833333333332,2.7810295281284567,0.6389433191029638,0.637,3.0,0.25,50.0,0.125,0.0,0.0,14.0,0.125,16.0,0.5,0.0,0.0,4.778641895240668
0,0,0,0,0,0,1,0,0.046947232274178886,21.30051020174842,24.5,2.8070565485223073,0.6647188607727836,0.705,3.0,0.25,50.0,0.125,0.0,0.0,14.0,0.125,16.0,0.5,0.0,0.0,4.778641895240668
0,0,0,0,0,0,1,0,0.046947232274178886,21.30051020174842,21.583333333333332,2.2169864271809163,0.7275026163799384,0.769,3.0,0.25,50.0,0.125,0.0,0.0,14.0,0.125,16.0,0.5,0.0,0.0,4.778641895240668
0,0,0,0,0,0,1,0,0.046947232274178886,21.30051020174842,26.333333333333332,3.187620252364917,0.640199461279252,0.732,3.0,0.25,50.0,0.125,0.0,0.0,14.0,0.125,16.0,0.5,0.0,0.0,4.778641895240668
0,0,0,0,0,0,1,0,0.046947232274178886,21.30051020174842,23.6875,2.785380047387347,0.6264118277923735,0.707,3.0,0.25,50.0,0.125,0.0,0.0,14.0,0.125,16.0,0.5,0.0,0.0,4.778641895240668
0,0,0,0,0,1,0,0,0.046947232274178886,21.30051020174842,26.333333333333332,2.883826060030978,0.6531507066344711,0.641,3.0,0.25,50.0,0.125,0.0,0.0,14.0,0.125,16.0,0.5,0.0,0.0,4.778641895240668
0,0,0,0,0,1,0,0,0.046947232274178886,21.30051020174842,22.0,2.3903532128803238,0.6989608620539443,0.753,3.0,0.25,50.0,0.125,0.0,0.0,14.0,0.125,16.0,0.5,0.0,0.0,4.778641895240668
0,0,0,0,0,1,0,0,0.046947232274178886,21.30051020174842,24.25,3.1826362776887787,0.7137896500555602,0.679,3.0,0.25,50.0,0.125,0.0,0.0,14.0,0.125,16.0,0.5,0.0,0.0,4.778641895240668
0,0,0,0,0,1,0,0,0.046947232274178886,21.30051020174842,22.5625,2.8230904552541958,0.6668541614137841,0.655,3.0,0.25,50.0,0.125,0.0,0.0,14.0,0.125,16.0,0.5,0.0,0.0,4.778641895240668
0,0,0,0,0,0,1,0,0.049446366229016846,20.223933046331023,26.541666666666668,2.813284400245131,0.6516114126447996,0.687,3.0,0.25,50.0,0.125,0.0,0.0,14.0,0.125,16.0,0.5,0.0,0.0,4.778641895240668
0,0,0,0,0,0,1,0,0.049446366229016846,20.223933046331023,21.75,2.310733466957164,0.6709520823159613,0.747,3.0,0.25,50.0,0.125,0.0,0.0,14.0,0.125,16.0,0.5,0.0,0.0,4.778641895240668
0,0,0,0,0,0,1,0,0.049446366229016846,20.223933046331023,25.25,3.161619591644076,0.6657280910920578,0.693,3.0,0.25,50.0,0.125,0.0,0.0,14.0,0.125,16.0,0.5,0.0,0.0,4.778641895240668
0,0,0,0,0,0,1,0,0.049446366229016846,20.223933046331023,23.770833333333332,2.7632424073723265,0.6482924623299591,0.682,3.0,0.25,50.0,0.125,0.0,0.0,14.0,0.125,16.0,0.5,0.0,0.0,4.778641895240668
0,0,0,0,0,0,1,0,0.04242482207756034,23.571106513347704,20.575,2.970841360169201,0.6868526036766917,0.138,3.0,0.4,50.0,0.04,0.0,0.0,15.0,0.08,34.0,0.48,0.0,0.0,4.42269511902174
0,0,0,0,0,0,1,0,0.04242482207756034,23.571106513347704,21.5,2.9960856574249366,0.696798467926848,0.167,3.0,0.4,50.0,0.04,0.0,0.0,15.0,0.08,34.0,0.48,0.0,0.0,4.42269511902174
0,0,0,0,0,0,1,0,0.04242482207756034,23.571106513347704,19.625,2.613398498988939,0.7893163747088099,0.314,3.0,0.4,50.0,0.04,0.0,0.0,15.0,0.08,34.0,0.48,0.0,0.0,4.42269511902174
0,0,0,0,0,0,1,0,0.04242482207756034,23.571106513347704,21.291666666666668,2.9199208784929596,0.6944810840240013,0.089,3.0,0.4,50.0,0.04,0.0,0.0,15.0,0.08,34.0,0.48,0.0,0.0,4.42269511902174
0,0,0,0,0,0,1,0,0.04242482207756034,23.571106513347704,21.2,2.9520340168019374,0.6911911447160061,0.144,3.0,0.4,50.0,0.04,0.0,0.0,15.0,0.08,34.0,0.48,0.0,0.0,4.42269511902174
0,0,0,0,0,0,1,0,0.04242482207756034,23.571106513347704,20.5,2.9049489476844905,0.7199606683780772,0.181,3.0,0.4,50.0,0.04,0.0,0.0,15.0,0.08,34.0,0.48,0.0,0.0,4.42269511902174
0,0,0,0,0,0,1,0,0.04242482207756034,23.571106513347704,20.375,2.440013332798079,0.6921093581976576,0.324,3.0,0.4,50.0,0.04,0.0,0.0,15.0,0.08,34.0,0.48,0.0,0.0,4.42269511902174
0,0,0,0,0,0,1,0,0.04242482207756034,23.571106513347704,21.6875,2.8918713335590702,0.6755270127970495,0.132,3.0,0.4,50.0,0.04,0.0,0.0,15.0,0.08,34.0,0.48,0.0,0.0,4.42269511902174
0,0,0,0,0,0,1,0,0.04242482207756034,23.571106513347704,20.875,2.9622263112544602,0.6742764937234315,0.174,3.0,0.4,50.0,0.04,0.0,0.0,15.0,0.08,34.0,0.48,0.0,0.0,4.42269511902174
0,0,0,0,0,0,1,0,0.04242482207756034,23.571106513347704,21.75,2.884413527720055,0.6883297673737478,0.199,3.0,0.4,50.0,0.04,0.0,0.0,15.0,0.08,34.0,0.48,0.0,0.0,4.42269511902174
0,0,0,0,0,0,1,0,0.04242482207756034,23.571106513347704,20.0,2.4439290980049373,0.6936694354867026,0.329,3.0,0.4,50.0,0.04,0.0,0.0,15.0,0.08,34.0,0.48,0.0,0.0,4.42269511902174
0,0,0,0,0,0,1,0,0.04242482207756034,23.571106513347704,22.166666666666668,2.894493210238599,0.6658179641495292,0.129,3.0,0.4,50.0,0.04,0.0,0.0,15.0,0.08,34.0,0.48,0.0,0.0,4.42269511902174
0,0,0,0,0,0,1,0,0.04232365621367246,23.627448322315654,21.525,2.9436017479268966,0.6847184805067403,0.142,3.0,0.4,50.0,0.04,0.0,0.0,15.0,0.08,34.0,0.48,0.0,0.0,4.42269511902174
0,0,0,0,0,0,1,0,0.04232365621367246,23.627448322315654,20.75,2.859091321748603,0.6690559074302324,0.167,3.0,0.4,50.0,0.04,0.0,0.0,15.0,0.08,34.0,0.48,0.0,0.0,4.42269511902174
0,0,0,0,0,0,1,0,0.04232365621367246,23.627448322315654,20.0,2.4371688984421382,0.7075805433303415,0.344,3.0,0.4,50.0,0.04,0.0,0.0,15.0,0.08,34.0,0.48,0.0,0.0,4.42269511902174
0,0,0,0,0,0,1,0,0.04232365621367246,23.627448322315654,21.833333333333332,2.8883945726140268,0.6628796164680829,0.102,3.0,0.4,50.0,0.04,0.0,0.0,15.0,0.08,34.0,0.48,0.0,0.0,4.42269511902174
0,0,0,0,0,0,1,0,0.0833044963538184,12.004153962502931,45.214285714285715,2.7269439626109473,0.5317275082050207,0.088,3.0,0.23,38.0,0.14,0.0,0.0,5.0,0.15,8.0,0.48,0.0,0.0,4.898302109023299
0,0,0,0,0,0,1,0,0.0833044963538184,12.004153962502931,41.08695652173913,2.2478696511246095,0.6315766384846768,0.15,3.0,0.23,38.0,0.14,0.0,0.0,5.0,0.15,8.0,0.48,0.0,0.0,4.898302109023299
0,0,0,0,0,0,1,0,0.0833044963538184,12.004153962502931,41.733333333333334,1.6916162485360184,0.6931142487427067,0.278,3.0,0.23,38.0,0.14,0.0,0.0,5.0,0.15,8.0,0.48,0.0,0.0,4.898302109023299
0,0,0,0,0,0,1,0,0.0833044963538184,12.004153962502931,42.25,2.196976077321215,0.6161519673711816,0.09,3.0,0.23,38.0,0.14,0.0,0.0,5.0,0.15,8.0,0.48,0.0,0.0,4.898302109023299
0,0,0,0,0,0,1,0,0.0833044963538184,12.004153962502931,44.42857142857143,2.7162990014778967,0.5624259444914962,0.108,3.0,0.23,38.0,0.14,0.0,0.0,5.0,0.15,8.0,0.48,0.0,0.0,4.898302109023299
0,0,0,0,0,0,1,0,0.0833044963538184,12.004153962502931,41.08695652173913,2.279652084312895,0.6371844722488259,0.184,3.0,0.23,38.0,0.14,0.0,0.0,5.0,0.15,8.0,0.48,0.0,0.0,4.898302109023299
0,0,0,0,0,0,1,0,0.0833044963538184,12.004153962502931,40.733333333333334,1.6918159041082739,0.7152373911082938,0.284,3.0,0.23,38.0,0.14,0.0,0.0,5.0,0.15,8.0,0.48,0.0,0.0,4.898302109023299
0,0,0,0,0,0,1,0,0.0833044963538184,12.004153962502931,42.583333333333336,2.213405434730817,0.6317898492699022,0.119,3.0,0.23,38.0,0.14,0.0,0.0,5.0,0.15,8.0,0.48,0.0,0.0,4.898302109023299
0,0,0,0,0,0,1,0,0.0833044963538184,12.004153962502931,44.142857142857146,2.733202008111445,0.5466964835398654,0.098,3.0,0.23,38.0,0.14,0.0,0.0,5.0,0.15,8.0,0.48,0.0,0.0,4.898302109023299
0,0,0,0,0,0,1,0,0.0833044963538184,12.004153962502931,40.65217391304348,2.2272237917615465,0.6487531729001244,0.152,3.0,0.23,38.0,0.14,0.0,0.0,5.0,0.15,8.0,0.48,0.0,0.0,4.898302109023299
0,0,0,0,0,0,1,0,0.0833044963538184,12.004153962502931,41.2,1.684534767753667,0.6641334892078111,0.264,3.0,0.23,38.0,0.14,0.0,0.0,5.0,0.15,8.0,0.48,0.0,0.0,4.898302109023299
0,0,0,0,0,0,1,0,0.0833044963538184,12.004153962502931,41.6875,2.195741340382743,0.6075793087036506,0.091,3.0,0.23,38.0,0.14,0.0,0.0,5.0,0.15,8.0,0.48,0.0,0.0,4.898302109023299
0,0,0,0,0,0,1,0,0.0833044963538184,12.004153962502931,44.92857142857143,2.6972746849795723,0.5558847024167287,0.138,3.0,0.23,38.0,0.14,0.0,0.0,5.0,0.15,8.0,0.48,0.0,0.0,4.898302109023299
0,0,0,0,0,0,1,0,0.0833044963538184,12.004153962502931,41.26086956521739,2.254575156392744,0.6399469984598234,0.204,3.0,0.23,38.0,0.14,0.0,0.0,5.0,0.15,8.0,0.48,0.0,0.0,4.898302109023299
0,0,0,0,0,0,1,0,0.0833044963538184,12.004153962502931,41.333333333333336,1.6772617892000155,0.6471511594287394,0.316,3.0,0.23,38.0,0.14,0.0,0.0,5.0,0.15,8.0,0.48,0.0,0.0,4.898302109023299
0,0,0,0,0,0,1,0,0.0833044963538184,12.004153962502931,42.041666666666664,2.1962155391897795,0.6037185472959764,0.159,3.0,0.23,38.0,0.14,0.0,0.0,5.0,0.15,8.0,0.48,0.0,0.0,4.898302109023299
0,0,0,0,0,0,1,0,0.041127081296334245,24.314878870072707,20.5,2.8845850224072622,0.716248300948191,0.109,12.0,0.14285714285714285,20.0,0.2857142857142857,0.0,0.0,16.0,0.5714285714285714,0.0,0.0,0.0,0.0,4.7403102718078
0,0,0,0,0,0,1,0,0.041127081296334245,24.314878870072707,20.0625,3.051869202684994,0.6976990963232788,0.035,12.0,0.14285714285714285,20.0,0.2857142857142857,0.0,0.0,16.0,0.5714285714285714,0.0,0.0,0.0,0.0,4.7403102718078
0,0,0,0,0,0,1,0,0.041127081296334245,24.314878870072707,20.78125,2.9765110438056386,0.709074492585523,0.131,12.0,0.14285714285714285,20.0,0.2857142857142857,0.0,0.0,16.0,0.5714285714285714,0.0,0.0,0.0,0.0,4.7403102718078
0,0,0,0,0,0,1,0,0.041127081296334245,24.314878870072707,20.25,2.7831195261304047,0.718732389905649,0.142,12.0,0.14285714285714285,20.0,0.2857142857142857,0.0,0.0,16.0,0.5714285714285714,0.0,0.0,0.0,0.0,4.7403102718078
0,0,0,0,0,0,1,0,0.041127081296334245,24.314878870072707,19.75,3.0659091648753236,0.6926304300034425,0.057,12.0,0.14285714285714285,20.0,0.2857142857142857,0.0,0.0,16.0,0.5714285714285714,0.0,0.0,0.0,0.0,4.7403102718078
0,0,0,0,0,0,1,0,0.041127081296334245,24.314878870072707,19.9375,2.9713850404487063,0.6907131513534732,0.139,12.0,0.14285714285714285,20.0,0.2857142857142857,0.0,0.0,16.0,0.5714285714285714,0.0,0.0,0.0,0.0,4.7403102718078
0,0,0,0,0,0,1,0,0.041127081296334245,24.314878870072707,21.125,2.779317999860036,0.7222936862120426,0.134,12.0,0.14285714285714285,20.0,0.2857142857142857,0.0,0.0,16.0,0.5714285714285714,0.0,0.0,0.0,0.0,4.7403102718078
0,0,0,0,0,0,1,0,0.041127081296334245,24.314878870072707,20.5,3.066695557136454,0.690304214933592,0.05,12.0,0.14285714285714285,20.0,0.2857142857142857,0.0,0.0,16.0,0.5714285714285714,0.0,0.0,0.0,0.0,4.7403102718078
0,0,0,0,0,0,1,0,0.041127081296334245,24.314878870072707,20.09375,2.965570825345669,0.6960784678181089,0.097,12.0,0.14285714285714285,20.0,0.2857142857142857,0.0,0.0,16.0,0.5714285714285714,0.0,0.0,0.0,0.0,4.7403102718078
0,0,0,0,0,0,1,0,0.041127081296334245,24.314878870072707,23.0,2.7466406575963918,0.6697060953972942,0.123,12.0,0.14285714285714285,20.0,0.2857142857142857,0.0,0.0,16.0,0.5714285714285714,0.0,0.0,0.0,0.0,4.7403102718078
0,0,0,0,0,0,1,0,0.041127081296334245,24.314878870072707,21.25,2.9867487547565643,0.685912691369719,0.058,12.0,0.14285714285714285,20.0,0.2857142857142857,0.0,0.0,16.0,0.5714285714285714,0.0,0.0,0.0,0.0,4.7403102718078
0,0,0,0,0,0,1,0,0.041127081296334245,24.314878870072707,20.625,2.9481451261194462,0.6673960845505683,0.102,12.0,0.14285714285714285,20.0,0.2857142857142857,0.0,0.0,16.0,0.5714285714285714,0.0,0.0,0.0,0.0,4.7403102718078
0,0,0,0,0,0,1,0,0.05373586242387954,18.609545932505824,27.125,2.758971891231562,0.6907420782797989,0.097,12.0,0.14285714285714285,29.0,0.2857142857142857,0.0,0.0,16.0,0.5714285714285714,0.0,0.0,0.0,0.0,5.280423917532679
0,0,0,0,0,0,1,0,0.05373586242387954,18.609545932505824,25.875,2.564013551213815,0.6855610780434813,0.117,12.0,0.14285714285714285,29.0,0.2857142857142857,0.0,0.0,16.0,0.5714285714285714,0.0,0.0,0.0,0.0,5.280423917532679
0,0,0,0,0,0,1,0,0.05373586242387954,18.609545932505824,26.59375,2.738057252825361,0.6680946231345906,0.101,12.0,0.14285714285714285,29.0,0.2857142857142857,0.0,0.0,16.0,0.5714285714285714,0.0,0.0,0.0,0.0,5.280423917532679
0,0,0,0,0,0,1,0,0.05373586242387954,18.609545932505824,27.875,2.7808313357889314,0.6701874139680433,0.125,12.0,0.14285714285714285,29.0,0.2857142857142857,0.0,0.0,16.0,0.5714285714285714,0.0,0.0,0.0,0.0,5.280423917532679
0,0,0,0,0,0,1,0,0.05373586242387954,18.609545932505824,26.75,2.589459194528411,0.6961431954621553,0.149,12.0,0.14285714285714285,29.0,0.2857142857142857,0.0,0.0,16.0,0.5714285714285714,0.0,0.0,0.0,0.0,5.280423917532679
0,0,0,0,0,0,1,0,0.05373586242387954,18.609545932505824,27.21875,2.704510476069932,0.6578379396670473,0.087,12.0,0.14285714285714285,29.0,0.2857142857142857,0.0,0.0,16.0,0.5714285714285714,0.0,0.0,0.0,0.0,5.280423917532679
0,0,0,0,0,0,1,0,0.05373586242387954,18.609545932505824,29.375,2.739531593747973,0.6833023715637658,0.114,12.0,0.14285714285714285,29.0,0.2857142857142857,0.0,0.0,16.0,0.5714285714285714,0.0,0.0,0.0,0.0,5.280423917532679
0,0,0,0,0,0,1,0,0.05373586242387954,18.609545932505824,27.125,2.596113799341148,0.6737653957818314,0.143,12.0,0.14285714285714285,29.0,0.2857142857142857,0.0,0.0,16.0,0.5714285714285714,0.0,0.0,0.0,0.0,5.280423917532679
0,0,0,0,0,0,1,0,0.05373586242387954,18.609545932505824,27.28125,2.725442980099639,0.6754810304572314,0.099,12.0,0.14285714285714285,29.0,0.2857142857142857,0.0,0.0,16.0,0.5714285714285714,0.0,0.0,0.0,0.0,5.280423917532679
0,0,0,0,0,0,1,0,0.05373586242387954,18.609545932505824,31.25,2.7156344879662733,0.649198589825542,0.11,12.0,0.14285714285714285,29.0,0.2857142857142857,0.0,0.0,16.0,0.5714285714285714,0.0,0.0,0.0,0.0,5.280423917532679
0,0,0,0,0,0,1,0,0.05373586242387954,18.609545932505824,26.875,2.519555248367009,0.6775169604857652,0.103,12.0,0.14285714285714285,29.0,0.2857142857142857,0.0,0.0,16.0,0.5714285714285714,0.0,0.0,0.0,0.0,5.280423917532679
0,0,0,0,0,0,1,0,0.05373586242387954,18.609545932505824,27.3125,2.7207302326150002,0.6590708422992453,0.09,12.0,0.14285714285714285,29.0,0.2857142857142857,0.0,0.0,16.0,0.5714285714285714,0.0,0.0,0.0,0.0,5.280423917532679
0,0,0,0,0,0,1,0,0.052211539911926286,19.15285397992212,28.0,2.726332315903024,0.7232147068295542,0.084,12.0,0.14285714285714285,42.0,0.2857142857142857,0.0,0.0,16.0,0.5714285714285714,0.0,0.0,0.0,0.0,5.083312936742102
0,0,0,0,0,0,1,0,0.052211539911926286,19.15285397992212,25.0,2.578182313912387,0.7977897589775855,0.109,12.0,0.14285714285714285,42.0,0.2857142857142857,0.0,0.0,16.0,0.5714285714285714,0.0,0.0,0.0,0.0,5.083312936742102
0,0,0,0,0,0,1,0,0.052211539911926286,19.15285397992212,25.0,2.854782895097118,0.6888645771710159,0.073,12.0,0.14285714285714285,42.0,0.2857142857142857,0.0,0.0,16.0,0.5714285714285714,0.0,0.0,0.0,0.0,5.083312936742102
0,0,0,0,0,0,1,0,0.052211539911926286,19.15285397992212,29.75,2.74911276998879,0.6672564333437422,0.082,12.0,0.14285714285714285,42.0,0.2857142857142857,0.0,0.0,16.0,0.5714285714285714,0.0,0.0,0.0,0.0,5.083312936742102
0,0,0,0,0,0,1,0,0.052211539911926286,19.15285397992212,25.6875,2.571181953917797,0.8339033961787532,0.13,12.0,0.14285714285714285,42.0,0.2857142857142857,0.0,0.0,16.0,0.5714285714285714,0.0,0.0,0.0,0.0,5.083312936742102
0,0,0,0,0,0,1,0,0.052211539911926286,19.15285397992212,24.78125,2.8478291159795805,0.6895460403242709,0.086,12.0,0.14285714285714285,42.0,0.2857142857142857,0.0,0.0,16.0,0.5714285714285714,0.0,0.0,0.0,0.0,5.083312936742102
0,0,0,0,0,0,1,0,0.052211539911926286,19.15285397992212,28.125,2.7050477302625495,0.7156854356121682,0.063,12.0,0.14285714285714285,42.0,0.2857142857142857,0.0,0.0,16.0,0.5714285714285714,0.0,0.0,0.0,0.0,5.083312936742102
0,0,0,0,0,0,1,0,0.052211539911926286,19.15285397992212,25.125,2.5856925931714096,0.8475103317613708,0.098,12.0,0.14285714285714285,42.0,0.2857142857142857,0.0,0.0,16.0,0.5714285714285714,0.0,0.0,0.0,0.0,5.083312936742102
0,0,0,0,0,0,1,0,0.052211539911926286,19.15285397992212,24.34375,2.874136550809757,0.6856562347867712,0.053,12.0,0.14285714285714285,42.0,0.2857142857142857,0.0,0.0,16.0,0.5714285714285714,0.0,0.0,0.0,0.0,5.083312936742102
0,0,0,0,0,0,1,0,0.052211539911926286,19.15285397992212,32.0,2.5870158208954854,0.6292641797301233,0.093,12.0,0.14285714285714285,42.0,0.2857142857142857,0.0,0.0,16.0,0.5714285714285714,0.0,0.0,0.0,0.0,5.083312936742102
0,0,0,0,0,0,1,0,0.052211539911926286,19.15285397992212,26.0,2.542492935686182,0.8760341580162475,0.133,12.0,0.14285714285714285,42.0,0.2857142857142857,0.0,0.0,16.0,0.5714285714285714,0.0,0.0,0.0,0.0,5.083312936742102
0,0,0,0,0,0,1,0,0.052211539911926286,19.15285397992212,24.8125,2.8070788587291187,0.6468810381534634,0.08,12.0,0.14285714285714285,42.0,0.2857142857142857,0.0,0.0,16.0,0.5714285714285714,0.0,0.0,0.0,0.0,5.083312936742102
0,0,0,0,0,0,1,0,0.09863839082308938,10.13804048966621,45.25,2.1993600138056695,0.6203196493399123,0.001,12.0,0.14285714285714285,28.0,0.2857142857142857,0.0,0.0,8.0,0.5714285714285714,0.0,0.0,0.0,0.0,5.866896539224019
0,0,0,0,0,0,1,0,0.09863839082308938,10.13804048966621,52.1875,2.0009487797895913,0.7616253344755595,0.013,12.0,0.14285714285714285,28.0,0.2857142857142857,0.0,0.0,8.0,0.5714285714285714,0.0,0.0,0.0,0.0,5.866896539224019
0,0,0,0,0,0,1,0,0.09863839082308938,10.13804048966621,53.21875,2.23388789104055,0.6573922016962572,0.0,12.0,0.14285714285714285,28.0,0.2857142857142857,0.0,0.0,8.0,0.5714285714285714,0.0,0.0,0.0,0.0,5.866896539224019
0,0,0,0,0,0,1,0,0.09863839082308938,10.13804048966621,45.75,2.2416873483681883,0.6098942996661183,0.008,12.0,0.14285714285714285,28.0,0.2857142857142857,0.0,0.0,8.0,0.5714285714285714,0.0,0.0,0.0,0.0,5.866896539224019
0,0,0,0,0,0,1,0,0.09863839082308938,10.13804048966621,52.125,1.9723802998598765,0.8348284668055054,0.008,12.0,0.14285714285714285,28.0,0.2857142857142857,0.0,0.0,8.0,0.5714285714285714,0.0,0.0,0.0,0.0,5.866896539224019
0,0,0,0,0,0,1,0,0.09863839082308938,10.13804048966621,52.0625,2.231787786493132,0.6665125438766824,0.003,12.0,0.14285714285714285,28.0,0.2857142857142857,0.0,0.0,8.0,0.5714285714285714,0.0,0.0,0.0,0.0,5.866896539224019
0,0,0,0,0,0,1,0,0.09863839082308938,10.13804048966621,44.75,2.1919627742982595,0.6194993824447563,0.004,12.0,0.14285714285714285,28.0,0.2857142857142857,0.0,0.0,8.0,0.5714285714285714,0.0,0.0,0.0,0.0,5.866896539224019
0,0,0,0,0,0,1,0,0.09863839082308938,10.13804048966621,52.4375,1.971212205284239,0.830374267439864,0.007,12.0,0.14285714285714285,28.0,0.2857142857142857,0.0,0.0,8.0,0.5714285714285714,0.0,0.0,0.0,0.0,5.866896539224019
0,0,0,0,0,0,1,0,0.09863839082308938,10.13804048966621,52.34375,2.230027244895621,0.6511224232156119,0.002,12.0,0.14285714285714285,28.0,0.2857142857142857,0.0,0.0,8.0,0.5714285714285714,0.0,0.0,0.0,0.0,5.866896539224019
0,0,0,0,0,0,1,0,0.09863839082308938,10.13804048966621,44.5,2.196159868444839,0.623277670503298,0.009,12.0,0.14285714285714285,28.0,0.2857142857142857,0.0,0.0,8.0,0.5714285714285714,0.0,0.0,0.0,0.0,5.866896539224019
0,0,0,0,0,0,1,0,0.09863839082308938,10.13804048966621,52.0,1.9692586491639223,0.8503369945901511,0.009,12.0,0.14285714285714285,28.0,0.2857142857142857,0.0,0.0,8.0,0.5714285714285714,0.0,0.0,0.0,0.0,5.866896539224019
0,0,0,0,0,0,1,0,0.09863839082308938,10.13804048966621,52.25,2.2300260362528874,0.6535857251145788,0.002,12.0,0.14285714285714285,28.0,0.2857142857142857,0.0,0.0,8.0,0.5714285714285714,0.0,0.0,0.0,0.0,5.866896539224019
0,0,0,0,0,0,1,0,0.04082197084092144,24.49661247118337,22.125,2.7646478394599847,0.7172997578555796,0.147,12.0,0.14285714285714285,50.0,0.2857142857142857,0.0,0.0,16.0,0.5714285714285714,0.0,0.0,0.0,0.0,5.1948796671069815
0,0,0,0,0,0,1,0,0.04082197084092144,24.49661247118337,20.625,2.835490238550613,0.7245011670440115,0.157,12.0,0.14285714285714285,50.0,0.2857142857142857,0.0,0.0,16.0,0.5714285714285714,0.0,0.0,0.0,0.0,5.1948796671069815
0,0,0,0,0,0,1,0,0.04082197084092144,24.49661247118337,20.84375,3.05168496865421,0.6664410670583771,0.141,12.0,0.14285714285714285,50.0,0.2857142857142857,0.0,0.0,16.0,0.5714285714285714,0.0,0.0,0.0,0.0,5.1948796671069815
0,0,0,0,0,0,1,1,0.04082197084092144,24.49661247118337,32.0,2.6734636211339957,0.6251238497256545,0.138,12.0,0.14285714285714285,50.0,0.2857142857142857,0.0,0.0,16.0,0.5714285714285714,0.0,0.0,0.0,0.0,5.1948796671069815
0,0,0,0,0,0,1,1,0.04082197084092144,24.49661247118337,26.0,2.733036925427249,1.2606490342021823,0.153,12.0,0.14285714285714285,50.0,0.2857142857142857,0.0,0.0,16.0,0.5714285714285714,0.0,0.0,0.0,0.0,5.1948796671069815
0,0,0,0,0,0,1,1,0.04082197084092144,24.49661247118337,23.0,3.0064980200777875,0.6414047036610777,0.115,12.0,0.14285714285714285,50.0,0.2857142857142857,0.0,0.0,16.0,0.5714285714285714,0.0,0.0,0.0,0.0,5.1948796671069815
0,0,0,0,0,0,1,0,0.04082197084092144,24.49661247118337,27.5,2.7893054222002496,0.6610678134575864,0.146,12.0,0.14285714285714285,50.0,0.2857142857142857,0.0,0.0,16.0,0.5714285714285714,0.0,0.0,0.0,0.0,5.1948796671069815
0,0,0,0,0,0,1,0,0.04082197084092144,24.49661247118337,23.0,2.761710465624861,0.7755065382064821,0.142,12.0,0.14285714285714285,50.0,0.2857142857142857,0.0,0.0,16.0,0.5714285714285714,0.0,0.0,0.0,0.0,5.1948796671069815
0,0,0,0,0,0,1,0,0.04082197084092144,24.49661247118337,21.4375,3.013137417220877,0.6474193054705725,0.147,12.0,0.14285714285714285,50.0,0.2857142857142857,0.0,0.0,16.0,0.5714285714285714,0.0,0.0,0.0,0.0,5.1948796671069815
0,0,0,0,0,0,1,0,0.04082197084092144,24.49661247118337,30.375,2.7505729687654763,0.6535156465410201,0.148,12.0,0.14285714285714285,50.0,0.2857142857142857,0.0,0.0,16.0,0.5714285714285714,0.0,0.0,0.0,0.0,5.1948796671069815
0,0,0,0,0,0,1,0,0.04082197084092144,24.49661247118337,24.8125,2.746054407228411,0.8305577982480248,0.166,12.0,0.14285714285714285,50.0,0.2857142857142857,0.0,0.0,16.0,0.5714285714285714,0.0,0.0,0.0,0.0,5.1948796671069815
0,0,0,0,0,0,1,0,0.04082197084092144,24.49661247118337,22.375,3.0126472303153777,0.6380428656106165,0.139,12.0,0.14285714285714285,50.0,0.2857142857142857,0.0,0.0,16.0,0.5714285714285714,0.0,0.0,0.0,0.0,5.1948796671069815
0,0,0,0,0,0,1,0,0.08904642418388838,11.230097212381214,44.5,2.1953478879605894,0.6221315772981898,0.012,12.0,0.14285714285714285,30.0,0.2857142857142857,0.0,0.0,8.0,0.5714285714285714,0.0,0.0,0.0,0.0,5.977389942411405
0,0,0,0,0,0,1,0,0.08904642418388838,11.230097212381214,45.8125,2.1246502864540506,0.6824142604834599,0.008,12.0,0.14285714285714285,30.0,0.2857142857142857,0.0,0.0,8.0,0.5714285714285714,0.0,0.0,0.0,0.0,5.977389942411405
0,0,0,0,0,0,1,0,0.08904642418388838,11.230097212381214,46.15625,2.284425181883121,0.6400856449676114,0.003,12.0,0.14285714285714285,30.0,0.2857142857142857,0.0,0.0,8.0,0.5714285714285714,0.0,0.0,0.0,0.0,5.977389942411405
0,0,0,0,0,0,1,0,0.08904642418388838,11.230097212381214,43.875,2.211857789301423,0.6237796826520037,0.009,12.0,0.14285714285714285,30.0,0.2857142857142857,0.0,0.0,8.0,0.5714285714285714,0.0,0.0,0.0,0.0,5.977389942411405
0,0,0,0,0,0,1,0,0.08904642418388838,11.230097212381214,45.6875,2.1007332211047633,0.7301282152095762,0.012,12.0,0.14285714285714285,30.0,0.2857142857142857,0.0,0.0,8.0,0.5714285714285714,0.0,0.0,0.0,0.0,5.977389942411405
0,0,0,0,0,0,1,0,0.08904642418388838,11.230097212381214,44.375,2.299257490411285,0.6448278679478068,0.001,12.0,0.14285714285714285,30.0,0.2857142857142857,0.0,0.0,8.0,0.5714285714285714,0.0,0.0,0.0,0.0,5.977389942411405
0,0,0,0,0,0,1,0,0.08904642418388838,11.230097212381214,43.875,2.2071695628695065,0.6362277134543893,0.001,12.0,0.14285714285714285,30.0,0.2857142857142857,0.0,0.0,8.0,0.5714285714285714,0.0,0.0,0.0,0.0,5.977389942411405
0,0,0,0,0,0,1,0,0.08904642418388838,11.230097212381214,45.875,2.090756172663374,0.7736960329802537,0.004,12.0,0.14285714285714285,30.0,0.2857142857142857,0.0,0.0,8.0,0.5714285714285714,0.0,0.0,0.0,0.0,5.977389942411405
0,0,0,0,0,0,1,0,0.08904642418388838,11.230097212381214,45.40625,2.320729852553882,0.6496169827942861,0.001,12.0,0.14285714285714285,30.0,0.2857142857142857,0.0,0.0,8.0,0.5714285714285714,0.0,0.0,0.0,0.0,5.977389942411405
0,0,0,0,0,0,1,0,0.08904642418388838,11.230097212381214,43.75,2.2141018564914092,0.6234605175305956,0.007,12.0,0.14285714285714285,30.0,0.2857142857142857,0.0,0.0,8.0,0.5714285714285714,0.0,0.0,0.0,0.0,5.977389942411405
0,0,0,0,0,0,1,0,0.08904642418388838,11.230097212381214,45.8125,2.069604687106814,0.8485468051604479,0.008,12.0,0.14285714285714285,30.0,0.2857142857142857,0.0,0.0,8.0,0.5714285714285714,0.0,0.0,0.0,0.0,5.977389942411405
0,0,0,0,0,0,1,0,0.08904642418388838,11.230097212381214,43.90625,2.3123510460562113,0.6477597927303709,0.002,12.0,0.14285714285714285,30.0,0.2857142857142857,0.0,0.0,8.0,0.5714285714285714,0.0,0.0,0.0,0.0,5.977389942411405
0,0,0,0,0,0,1,0,0.049795338136100945,20.082201214635663,23.75,2.7532464189994483,0.6756473386126799,0.127,12.0,0.14285714285714285,30.0,0.2857142857142857,0.0,0.0,16.0,0.5714285714285714,0.0,0.0,0.0,0.0,5.3533762451309
0,0,0,0,0,0,1,0,0.049795338136100945,20.082201214635663,24.25,2.7250620045136906,0.6859415031641717,0.117,12.0,0.14285714285714285,30.0,0.2857142857142857,0.0,0.0,16.0,0.5714285714285714,0.0,0.0,0.0,0.0,5.3533762451309
0,0,0,0,0,0,1,0,0.049795338136100945,20.082201214635663,25.1875,2.7828088981863877,0.6735630366816612,0.135,12.0,0.14285714285714285,30.0,0.2857142857142857,0.0,0.0,16.0,0.5714285714285714,0.0,0.0,0.0,0.0,5.3533762451309
0,0,0,0,0,0,1,0,0.049795338136100945,20.082201214635663,27.0,2.7459733942873052,0.649409147842819,0.119,12.0,0.14285714285714285,30.0,0.2857142857142857,0.0,0.0,16.0,0.5714285714285714,0.0,0.0,0.0,0.0,5.3533762451309
0,0,0,0,0,0,1,0,0.049795338136100945,20.082201214635663,24.8125,2.6500365072811234,0.6743693668391457,0.115,12.0,0.14285714285714285,30.0,0.2857142857142857,0.0,0.0,16.0,0.5714285714285714,0.0,0.0,0.0,0.0,5.3533762451309
0,0,0,0,0,0,1,0,0.049795338136100945,20.082201214635663,24.78125,2.742641618638494,0.6400391333317946,0.122,12.0,0.14285714285714285,30.0,0.2857142857142857,0.0,0.0,16.0,0.5714285714285714,0.0,0.0,0.0,0.0,5.3533762451309
0,0,0,0,0,0,1,0,0.049795338136100945,20.082201214635663,24.25,2.7549183936412924,0.6603279573014978,0.125,12.0,0.14285714285714285,30.0,0.2857142857142857,0.0,0.0,16.0,0.5714285714285714,0.0,0.0,0.0,0.0,5.3533762451309
0,0,0,0,0,0,1,0,0.049795338136100945,20.082201214635663,23.5,2.671469884341704,0.6782950967008692,0.13,12.0,0.14285714285714285,30.0,0.2857142857142857,0.0,0.0,16.0,0.5714285714285714,0.0,0.0,0.0,0.0,5.3533762451309
0,0,0,0,0,0,1,0,0.049795338136100945,20.082201214635663,24.25,2.7795227491507384,0.6571769647389392,0.136,12.0,0.14285714285714285,30.0,0.2857142857142857,0.0,0.0,16.0,0.5714285714285714,0.0,0.0,0.0,0.0,5.3533762451309
0,0,0,0,0,0,1,0,0.049795338136100945,20.082201214635663,32.0,2.699186091238125,0.6023910675120477,0.1,12.0,0.14285714285714285,30.0,0.2857142857142857,0.0,0.0,16.0,0.5714285714285714,0.0,0.0,0.0,0.0,5.3533762451309
0,0,0,0,0,0,1,0,0.049795338136100945,20.082201214635663,25.3125,2.5211632592159186,0.7407773603091907,0.096,12.0,0.14285714285714285,30.0,0.2857142857142857,0.0,0.0,16.0,0.5714285714285714,0.0,0.0,0.0,0.0,5.3533762451309
0,0,0,0,0,0,1,0,0.049795338136100945,20.082201214635663,24.71875,2.8024882114830034,0.6396708073478955,0.097,12.0,0.14285714285714285,30.0,0.2857142857142857,0.0,0.0,16.0,0.5714285714285714,0.0,0.0,0.0,0.0,5.3533762451309
0,0,0,0,0,0,1,0,0.056567935372699704,17.677859257394974,30.5,2.666927082279492,0.6488108892662647,0.066,29.0,0.2857142857142857,30.0,0.14285714285714285,0.0,0.0,16.0,0.5714285714285714,0.0,0.0,0.0,0.0,5.438084461884515
0,0,0,0,0,0,1,0,0.056567935372699704,17.677859257394974,27.375,2.5734350880276544,0.6853328617760417,0.102,29.0,0.2857142857142857,30.0,0.14285714285714285,0.0,0.0,16.0,0.5714285714285714,0.0,0.0,0.0,0.0,5.438084461884515
0,0,0,0,0,0,1,0,0.056567935372699704,17.677859257394974,28.375,2.6585876441499803,0.6697232954529522,0.068,29.0,0.2857142857142857,30.0,0.14285714285714285,0.0,0.0,16.0,0.5714285714285714,0.0,0.0,0.0,0.0,5.438084461884515
0,0,0,0,0,0,1,0,0.056567935372699704,17.677859257394974,31.625,2.628400734509031,0.6226678132131321,0.068,29.0,0.2857142857142857,30.0,0.14285714285714285,0.0,0.0,16.0,0.5714285714285714,0.0,0.0,0.0,0.0,5.438084461884515
0,0,0,0,0,0,1,0,0.056567935372699704,17.677859257394974,26.5,2.514490852824065,0.707023457782562,0.096,29.0,0.2857142857142857,30.0,0.14285714285714285,0.0,0.0,16.0,0.5714285714285714,0.0,0.0,0.0,0.0,5.438084461884515
0,0,0,0,0,0,1,0,0.056567935372699704,17.677859257394974,26.65625,2.670036666445,0.6495991557958374,0.085,29.0,0.2857142857142857,30.0,0.14285714285714285,0.0,0.0,16.0,0.5714285714285714,0.0,0.0,0.0,0.0,5.438084461884515
0,0,0,0,0,0,1,0,0.056567935372699704,17.677859257394974,32.5,2.569243750811242,0.6214355256326152,0.078,29.0,0.2857142857142857,30.0,0.14285714285714285,0.0,0.0,16.0,0.5714285714285714,0.0,0.0,0.0,0.0,5.438084461884515
0,0,0,0,0,0,1,0,0.056567935372699704,17.677859257394974,26.0,2.4173936159174962,0.7713279744458732,0.085,29.0,0.2857142857142857,30.0,0.14285714285714285,0.0,0.0,16.0,0.5714285714285714,0.0,0.0,0.0,0.0,5.438084461884515
0,0,0,0,0,0,1,0,0.056567935372699704,17.677859257394974,26.1875,2.696577688446234,0.6444425637694955,0.063,29.0,0.2857142857142857,30.0,0.14285714285714285,0.0,0.0,16.0,0.5714285714285714,0.0,0.0,0.0,0.0,5.438084461884515
0,0,0,0,0,0,1,0,0.056567935372699704,17.677859257394974,32.125,2.6063085177668004,0.6193450697926806,0.062,29.0,0.2857142857142857,30.0,0.14285714285714285,0.0,0.0,16.0,0.5714285714285714,0.0,0.0,0.0,0.0,5.438084461884515
0,0,0,0,0,0,1,0,0.056567935372699704,17.677859257394974,26.0,2.3929810891506786,0.788901219618152,0.098,29.0,0.2857142857142857,30.0,0.14285714285714285,0.0,0.0,16.0,0.5714285714285714,0.0,0.0,0.0,0.0,5.438084461884515
0,0,0,0,0,0,1,0,0.056567935372699704,17.677859257394974,25.96875,2.696238541025388,0.656960397428193,0.062,29.0,0.2857142857142857,30.0,0.14285714285714285,0.0,0.0,16.0,0.5714285714285714,0.0,0.0,0.0,0.0,5.438084461884515
0,0,0,0,0,0,1,0,0.06269379342972299,15.95054223542808,36.25,2.5894669123371052,0.6158888811265492,0.045,26.0,0.2857142857142857,30.0,0.14285714285714285,0.0,0.0,16.0,0.5714285714285714,0.0,0.0,0.0,0.0,5.278158762346472
0,0,0,0,0,0,1,0,0.06269379342972299,15.95054223542808,27.625,2.3159394960923647,0.7774298233835263,0.063,26.0,0.2857142857142857,30.0,0.14285714285714285,0.0,0.0,16.0,0.5714285714285714,0.0,0.0,0.0,0.0,5.278158762346472
0,0,0,0,0,0,1,0,0.06269379342972299,15.95054223542808,28.6875,2.606086427520083,0.6498380974796973,0.065,26.0,0.2857142857142857,30.0,0.14285714285714285,0.0,0.0,16.0,0.5714285714285714,0.0,0.0,0.0,0.0,5.278158762346472
0,0,0,0,0,0,1,0,0.06269379342972299,15.95054223542808,35.375,2.5641289120685746,0.6209041212961509,0.058,26.0,0.2857142857142857,30.0,0.14285714285714285,0.0,0.0,16.0,0.5714285714285714,0.0,0.0,0.0,0.0,5.278158762346472
0,0,0,0,0,0,1,0,0.06269379342972299,15.95054223542808,27.0,2.3107080958136486,0.7870787737547575,0.048,26.0,0.2857142857142857,30.0,0.14285714285714285,0.0,0.0,16.0,0.5714285714285714,0.0,0.0,0.0,0.0,5.278158762346472
0,0,0,0,0,0,1,0,0.06269379342972299,15.95054223542808,28.15625,2.605903943994064,0.651496671147973,0.054,26.0,0.2857142857142857,30.0,0.14285714285714285,0.0,0.0,16.0,0.5714285714285714,0.0,0.0,0.0,0.0,5.278158762346472
0,0,0,0,0,0,1,0,0.06269379342972299,15.95054223542808,36.0,2.5765354010404686,0.6154162635351854,0.035,26.0,0.2857142857142857,30.0,0.14285714285714285,0.0,0.0,16.0,0.5714285714285714,0.0,0.0,0.0,0.0,5.278158762346472
0,0,0,0,0,0,1,0,0.06269379342972299,15.95054223542808,26.375,2.3093691297980654,0.8488965705937017,0.051,26.0,0.2857142857142857,30.0,0.14285714285714285,0.0,0.0,16.0,0.5714285714285714,0.0,0.0,0.0,0.0,5.278158762346472
0,0,0,0,0,0,1,0,0.06269379342972299,15.95054223542808,27.9375,2.6048629535787287,0.652350839659088,0.048,26.0,0.2857142857142857,30.0,0.14285714285714285,0.0,0.0,16.0,0.5714285714285714,0.0,0.0,0.0,0.0,5.278158762346472
0,0,0,0,0,0,1,0,0.06269379342972299,15.95054223542808,35.25,2.5599936290510517,0.6286929173995145,0.068,26.0,0.2857142857142857,30.0,0.14285714285714285,0.0,0.0,16.0,0.5714285714285714,0.0,0.0,0.0,0.0,5.278158762346472
0,0,0,0,0,0,1,0,0.06269379342972299,15.95054223542808,26.4375,2.3017133185107843,0.8402271932786946,0.062,26.0,0.2857142857142857,30.0,0.14285714285714285,0.0,0.0,16.0,0.5714285714285714,0.0,0.0,0.0,0.0,5.278158762346472
0,0,0,0,0,0,1,0,0.06269379342972299,15.95054223542808,27.65625,2.5997543534278518,0.6521752914165795,0.059,26.0,0.2857142857142857,30.0,0.14285714285714285,0.0,0.0,16.0,0.5714285714285714,0.0,0.0,0.0,0.0,5.278158762346472
0,0,0,0,0,0,1,0,0.06123646555699965,16.330139091211716,35.375,2.5850182026956743,0.6347286305116566,0.056,25.0,0.2857142857142857,30.0,0.14285714285714285,0.0,0.0,16.0,0.5714285714285714,0.0,0.0,0.0,0.0,5.156688617382351
0,0,0,0,0,0,1,0,0.06123646555699965,16.330139091211716,27.625,2.378949362946181,0.8071840505987036,0.15,25.0,0.2857142857142857,30.0,0.14285714285714285,0.0,0.0,16.0,0.5714285714285714,0.0,0.0,0.0,0.0,5.156688617382351
0,0,0,0,0,0,1,0,0.06123646555699965,16.330139091211716,28.40625,2.644586510048242,0.6621587367157764,0.055,25.0,0.2857142857142857,30.0,0.14285714285714285,0.0,0.0,16.0,0.5714285714285714,0.0,0.0,0.0,0.0,5.156688617382351
0,0,0,0,0,0,1,0,0.06123646555699965,16.330139091211716,34.875,2.594851001964984,0.6522688325587799,0.045,25.0,0.2857142857142857,30.0,0.14285714285714285,0.0,0.0,16.0,0.5714285714285714,0.0,0.0,0.0,0.0,5.156688617382351
0,0,0,0,0,0,1,0,0.06123646555699965,16.330139091211716,27.1875,2.3567228226575665,0.7910810662055907,0.127,25.0,0.2857142857142857,30.0,0.14285714285714285,0.0,0.0,16.0,0.5714285714285714,0.0,0.0,0.0,0.0,5.156688617382351
0,0,0,0,0,0,1,0,0.06123646555699965,16.330139091211716,27.6875,2.644408387157661,0.6538553801401992,0.057,25.0,0.2857142857142857,30.0,0.14285714285714285,0.0,0.0,16.0,0.5714285714285714,0.0,0.0,0.0,0.0,5.156688617382351
0,0,0,0,0,0,1,0,0.06123646555699965,16.330139091211716,35.0,2.59342030470814,0.6220749460157291,0.044,25.0,0.2857142857142857,30.0,0.14285714285714285,0.0,0.0,16.0,0.5714285714285714,0.0,0.0,0.0,0.0,5.156688617382351
0,0,0,0,0,0,1,0,0.06123646555699965,16.330139091211716,26.875,2.365010699260212,0.7990892220115585,0.145,25.0,0.2857142857142857,30.0,0.14285714285714285,0.0,0.0,16.0,0.5714285714285714,0.0,0.0,0.0,0.0,5.156688617382351
0,0,0,0,0,0,1,0,0.06123646555699965,16.330139091211716,27.6875,2.6454880182195875,0.6651006983350715,0.043,25.0,0.2857142857142857,30.0,0.14285714285714285,0.0,0.0,16.0,0.5714285714285714,0.0,0.0,0.0,0.0,5.156688617382351
0,0,0,0,0,0,1,0,0.06123646555699965,16.330139091211716,35.25,2.5835736533542626,0.6374436966985981,0.056,25.0,0.2857142857142857,30.0,0.14285714285714285,0.0,0.0,16.0,0.5714285714285714,0.0,0.0,0.0,0.0,5.156688617382351
0,0,0,0,0,0,1,0,0.06123646555699965,16.330139091211716,27.8125,2.3682441430200356,0.8674020704252204,0.138,25.0,0.2857142857142857,30.0,0.14285714285714285,0.0,0.0,16.0,0.5714285714285714,0.0,0.0,0.0,0.0,5.156688617382351
0,0,0,0,0,0,1,0,0.06123646555699965,16.330139091211716,28.28125,2.6469512907836346,0.6628133670315386,0.056,25.0,0.2857142857142857,30.0,0.14285714285714285,0.0,0.0,16.0,0.5714285714285714,0.0,0.0,0.0,0.0,5.156688617382351
0,0,0,0,0,0,1,0,0.05496517507481868,18.193337847806337,32.25,2.523143281965904,0.6100614126886663,0.073,30.0,0.14285714285714285,42.0,0.2857142857142857,0.0,0.0,16.0,0.5714285714285714,0.0,0.0,0.0,0.0,5.23508822926293
0,0,0,0,0,0,1,0,0.05496517507481868,18.193337847806337,26.5,2.5173235046468063,0.8091673536267843,0.109,30.0,0.14285714285714285,42.0,0.2857142857142857,0.0,0.0,16.0,0.5714285714285714,0.0,0.0,0.0,0.0,5.23508822926293
0,0,0,0,0,0,1,0,0.05496517507481868,18.193337847806337,25.9375,2.7586318296723578,0.6392892759176818,0.073,30.0,0.14285714285714285,42.0,0.2857142857142857,0.0,0.0,16.0,0.5714285714285714,0.0,0.0,0.0,0.0,5.23508822926293
0,0,0,0,0,0,1,0,0.05496517507481868,18.193337847806337,32.375,2.4999875576632986,0.6212103910964533,0.067,30.0,0.14285714285714285,42.0,0.2857142857142857,0.0,0.0,16.0,0.5714285714285714,0.0,0.0,0.0,0.0,5.23508822926293
0,0,0,0,0,0,1,0,0.05496517507481868,18.193337847806337,26.125,2.532647195019994,0.8625693387086714,0.093,30.0,0.14285714285714285,42.0,0.2857142857142857,0.0,0.0,16.0,0.5714285714285714,0.0,0.0,0.0,0.0,5.23508822926293
0,0,0,0,0,0,1,0,0.05496517507481868,18.193337847806337,25.59375,2.7692393446859125,0.6506299260276163,0.066,30.0,0.14285714285714285,42.0,0.2857142857142857,0.0,0.0,16.0,0.5714285714285714,0.0,0.0,0.0,0.0,5.23508822926293
0,0,0,0,0,0,1,0,0.05496517507481868,18.193337847806337,32.125,2.4895935103013516,0.6231842807682767,0.063,30.0,0.14285714285714285,42.0,0.2857142857142857,0.0,0.0,16.0,0.5714285714285714,0.0,0.0,0.0,0.0,5.23508822926293
0,0,0,0,0,0,1,0,0.05496517507481868,18.193337847806337,26.0,2.5369206882732835,0.829729832396092,0.112,30.0,0.14285714285714285,42.0,0.2857142857142857,0.0,0.0,16.0,0.5714285714285714,0.0,0.0,0.0,0.0,5.23508822926293
0,0,0,0,0,0,1,0,0.05496517507481868,18.193337847806337,25.46875,2.775029121331417,0.6508516887425542,0.061,30.0,0.14285714285714285,42.0,0.2857142857142857,0.0,0.0,16.0,0.5714285714285714,0.0,0.0,0.0,0.0,5.23508822926293
0,0,0,0,0,0,1,0,0.05496517507481868,18.193337847806337,32.0,2.4704815916406306,0.6233419028303503,0.08,30.0,0.14285714285714285,42.0,0.2857142857142857,0.0,0.0,16.0,0.5714285714285714,0.0,0.0,0.0,0.0,5.23508822926293
0,0,0,0,0,0,1,0,0.05496517507481868,18.193337847806337,26.0,2.530297500882694,0.8710346406736356,0.111,30.0,0.14285714285714285,42.0,0.2857142857142857,0.0,0.0,16.0,0.5714285714285714,0.0,0.0,0.0,0.0,5.23508822926293
0,0,0,0,0,0,1,0,0.05496517507481868,18.193337847806337,25.3125,2.771169049296664,0.6428210308452798,0.059,30.0,0.14285714285714285,42.0,0.2857142857142857,0.0,0.0,16.0,0.5714285714285714,0.0,0.0,0.0,0.0,5.23508822926293
0,0,0,0,0,0,1,0,0.04257104766069697,23.490143065547194,23.25,2.7241696220429628,0.7371225693955318,0.118,30.0,0.14285714285714285,50.0,0.2857142857142857,0.0,0.0,16.0,0.5714285714285714,0.0,0.0,0.0,0.0,5.349986069348465
0,0,0,0,0,0,1,0,0.04257104766069697,23.490143065547194,22.1875,2.854172445811617,0.7342510841619093,0.124,30.0,0.14285714285714285,50.0,0.2857142857142857,0.0,0.0,16.0,0.5714285714285714,0.0,0.0,0.0,0.0,5.349986069348465
0,0,0,0,0,0,1,0,0.04257104766069697,23.490143065547194,21.15625,3.010468900759294,0.6783863478246694,0.135,30.0,0.14285714285714285,50.0,0.2857142857142857,0.0,0.0,16.0,0.5714285714285714,0.0,0.0,0.0,0.0,5.349986069348465
0,0,0,0,0,0,1,0,0.04257104766069697,23.490143065547194,27.625,2.6579521691761094,0.6636558464253368,0.132,30.0,0.14285714285714285,50.0,0.2857142857142857,0.0,0.0,16.0,0.5714285714285714,0.0,0.0,0.0,0.0,5.349986069348465
0,0,0,0,0,0,1,0,0.04257104766069697,23.490143065547194,22.9375,2.7839554024661055,0.7461542650090673,0.139,30.0,0.14285714285714285,50.0,0.2857142857142857,0.0,0.0,16.0,0.5714285714285714,0.0,0.0,0.0,0.0,5.349986069348465
0,0,0,0,0,0,1,0,0.04257104766069697,23.490143065547194,21.75,2.979863442606581,0.645576599226366,0.135,30.0,0.14285714285714285,50.0,0.2857142857142857,0.0,0.0,16.0,0.5714285714285714,0.0,0.0,0.0,0.0,5.349986069348465
0,0,0,0,0,0,1,0,0.04257104766069697,23.490143065547194,25.5,2.685753416373913,0.6493126765970303,0.105,30.0,0.14285714285714285,50.0,0.2857142857142857,0.0,0.0,16.0,0.5714285714285714,0.0,0.0,0.0,0.0,5.349986069348465
0,0,0,0,0,0,1,0,0.04257104766069697,23.490143065547194,22.875,2.793020421627446,0.7285168877737436,0.14,30.0,0.14285714285714285,50.0,0.2857142857142857,0.0,0.0,16.0,0.5714285714285714,0.0,0.0,0.0,0.0,5.349986069348465
0,0,0,0,0,0,1,0,0.04257104766069697,23.490143065547194,21.375,2.9912347744657573,0.648513637682548,0.144,30.0,0.14285714285714285,50.0,0.2857142857142857,0.0,0.0,16.0,0.5714285714285714,0.0,0.0,0.0,0.0,5.349986069348465
0,0,0,0,0,0,1,0,0.04257104766069697,23.490143065547194,31.125,2.616925428541494,0.6324412490719694,0.106,30.0,0.14285714285714285,50.0,0.2857142857142857,0.0,0.0,16.0,0.5714285714285714,0.0,0.0,0.0,0.0,5.349986069348465
0,0,0,0,0,0,1,0,0.04257104766069697,23.490143065547194,24.625,2.7703102568119364,0.7903507398284059,0.144,30.0,0.14285714285714285,50.0,0.2857142857142857,0.0,0.0,16.0,0.5714285714285714,0.0,0.0,0.0,0.0,5.349986069348465
0,0,0,0,0,0,1,0,0.04257104766069697,23.490143065547194,22.21875,2.979098621589796,0.6332635200622363,0.111,30.0,0.14285714285714285,50.0,0.2857142857142857,0.0,0.0,16.0,0.5714285714285714,0.0,0.0,0.0,0.0,5.349986069348465
