2883.126221,1,1500,0,0,0,0,0,0,1,0,0.044396253,22.5244236,22.28125,2.936641094,0.718269264,0.434,3,0.25,0,0,0,0,33,0.25,34,0.5,0,0,4.849783977
2883.126221,9,1500,0,0,0,0,0,0,1,0,0.044396253,22.5244236,21.28125,2.891321121,0.717950284,0.55,3,0.25,0,0,0,0,33,0.25,34,0.5,0,0,4.849783977
2883.126221,4,1500,0,0,0,0,0,0,1,0,0.044396253,22.5244236,21.90625,2.949629689,0.710684684,0.393,3,0.25,0,0,0,0,33,0.25,34,0.5,0,0,4.849783977
2883.126221,1,1200,0,0,0,0,0,0,1,0,0.044396253,22.5244236,21.8125,2.924785791,0.733272135,0.177,3,0.25,0,0,0,0,33,0.25,34,0.5,0,0,4.849783977
2883.126221,9,1200,0,0,0,0,0,0,1,0,0.044396253,22.5244236,21.46875,2.887295345,0.726803202,0.309,3,0.25,0,0,0,0,33,0.25,34,0.5,0,0,4.849783977
2883.126221,4,1200,0,0,0,0,0,0,1,0,0.044396253,22.5244236,21.640625,2.970910586,0.712188588,0.144,3,0.25,0,0,0,0,33,0.25,34,0.5,0,0,4.849783977
2883.126221,1,900,0,0,0,0,0,0,1,0,0.044396253,22.5244236,21.84375,2.965213535,0.72010854,0.204,3,0.25,0,0,0,0,33,0.25,34,0.5,0,0,4.849783977
2883.126221,9,900,0,0,0,0,0,0,1,0,0.044396253,22.5244236,20.71875,2.869681585,0.728719379,0.318,3,0.25,0,0,0,0,33,0.25,34,0.5,0,0,4.849783977
2883.126221,4,900,0,0,0,0,0,0,1,0,0.044396253,22.5244236,21.5,2.951205375,0.713054735,0.149,3,0.25,0,0,0,0,33,0.25,34,0.5,0,0,4.849783977
2883.126221,1,600,0,0,0,0,0,0,1,0,0.044396253,22.5244236,22.46875,2.932227344,0.69343753,0.192,3,0.25,0,0,0,0,33,0.25,34,0.5,0,0,4.849783977
2883.126221,9,600,0,0,0,0,0,0,1,0,0.044396253,22.5244236,22.15625,2.900244358,0.703104595,0.32,3,0.25,0,0,0,0,33,0.25,34,0.5,0,0,4.849783977
2883.126221,4,600,0,0,0,0,0,0,1,0,0.044396253,22.5244236,22.34375,2.927040394,0.704336782,0.171,3,0.25,0,0,0,0,33,0.25,34,0.5,0,0,4.849783977
1742.076823,4,1500,0,0,0,0,0,0,1,0,0.082642765,12.10027284,44.125,2.910093342,0.48391156,0.044,3,0.055555556,56,0.111111111,0,0,5,0.277777778,8,0.555555556,0,0,5.459144476
1742.076823,1,1500,0,0,0,0,0,0,1,0,0.082642765,12.10027284,42,2.107491575,0.544476219,0.1,3,0.055555556,56,0.111111111,0,0,5,0.277777778,8,0.555555556,0,0,5.459144476
1742.076823,9,1500,0,0,0,0,0,0,1,0,0.082642765,12.10027284,42.8,1.602710185,0.667202724,0.202,3,0.055555556,56,0.111111111,0,0,5,0.277777778,8,0.555555556,0,0,5.459144476
1742.076823,4,1500,0,0,0,0,0,0,1,0,0.082642765,12.10027284,42.725,2.196462124,0.570521333,0.06,3,0.055555556,56,0.111111111,0,0,5,0.277777778,8,0.555555556,0,0,5.459144476
1742.076823,4,1200,0,0,0,0,0,0,1,0,0.082642765,12.10027284,44.4375,2.887744628,0.508105065,0.046,3,0.055555556,56,0.111111111,0,0,5,0.277777778,8,0.555555556,0,0,5.459144476
1742.076823,1,1200,0,0,0,0,0,0,1,0,0.082642765,12.10027284,39.5,2.161434498,0.636595269,0.118,3,0.055555556,56,0.111111111,0,0,5,0.277777778,8,0.555555556,0,0,5.459144476
1742.076823,9,1200,0,0,0,0,0,0,1,0,0.082642765,12.10027284,42.75,1.594183036,0.608231421,0.204,3,0.055555556,56,0.111111111,0,0,5,0.277777778,8,0.555555556,0,0,5.459144476
1742.076823,4,1200,0,0,0,0,0,0,1,0,0.082642765,12.10027284,42.2625,2.154529958,0.56340277,0.06,3,0.055555556,56,0.111111111,0,0,5,0.277777778,8,0.555555556,0,0,5.459144476
1742.076823,4,900,0,0,0,0,0,0,1,0,0.082642765,12.10027284,48.25,2.973455469,0.472078294,0.046,3,0.055555556,56,0.111111111,0,0,5,0.277777778,8,0.555555556,0,0,5.459144476
1742.076823,1,900,0,0,0,0,0,0,1,0,0.082642765,12.10027284,40,2.256509217,0.695936494,0.094,3,0.055555556,56,0.111111111,0,0,5,0.277777778,8,0.555555556,0,0,5.459144476
1742.076823,9,900,0,0,0,0,0,0,1,0,0.082642765,12.10027284,42.8,1.603007712,0.633143152,0.193,3,0.055555556,56,0.111111111,0,0,5,0.277777778,8,0.555555556,0,0,5.459144476
1742.076823,4,900,0,0,0,0,0,0,1,0,0.082642765,12.10027284,42.35,2.190501591,0.592525726,0.063,3,0.055555556,56,0.111111111,0,0,5,0.277777778,8,0.555555556,0,0,5.459144476
1742.076823,4,600,0,0,0,0,0,0,1,0,0.082642765,12.10027284,46.5,2.963948867,0.481737832,0.048,3,0.055555556,56,0.111111111,0,0,5,0.277777778,8,0.555555556,0,0,5.459144476
1742.076823,1,600,0,0,0,0,0,0,1,0,0.082642765,12.10027284,40.5,2.122826887,0.519174198,0.096,3,0.055555556,56,0.111111111,0,0,5,0.277777778,8,0.555555556,0,0,5.459144476
1742.076823,9,600,0,0,0,0,0,0,1,0,0.082642765,12.10027284,42.675,1.599794991,0.63443182,0.201,3,0.055555556,56,0.111111111,0,0,5,0.277777778,8,0.555555556,0,0,5.459144476
1742.076823,4,600,0,0,0,0,0,0,1,0,0.082642765,12.10027284,42.3125,2.179674939,0.571450836,0.07,3,0.055555556,56,0.111111111,0,0,5,0.277777778,8,0.555555556,0,0,5.459144476
1476.9398,1,1500,0,0,0,0,0,0,1,0,0.077739315,12.86350421,39.92307692,2.307263246,0.633918144,0.415,3,0.224137931,0,0,0,0,5,0.137931034,9,0.637931034,0,0,6.97264987
1476.9398,9,1500,0,0,0,0,0,0,1,0,0.077739315,12.86350421,40.3125,1.464154571,0.885838466,0.612,3,0.224137931,0,0,0,0,5,0.137931034,9,0.637931034,0,0,6.97264987
1476.9398,1,1500,0,0,0,0,0,0,1,0,0.077739315,12.86350421,40.58108108,2.338983164,0.605757036,0.489,3,0.224137931,0,0,0,0,5,0.137931034,9,0.637931034,0,0,6.97264987
1476.9398,1,1200,0,0,0,0,0,0,1,0,0.077739315,12.86350421,39.96153846,2.318877099,0.601358114,0.453,3,0.224137931,0,0,0,0,5,0.137931034,9,0.637931034,0,0,6.97264987
1476.9398,9,1200,0,0,0,0,0,0,1,0,0.077739315,12.86350421,41.625,1.466986639,0.942177097,0.663,3,0.224137931,0,0,0,0,5,0.137931034,9,0.637931034,0,0,6.97264987
1476.9398,1,1200,0,0,0,0,0,0,1,0,0.077739315,12.86350421,39.93243243,2.334156785,0.6141604,0.508,3,0.224137931,0,0,0,0,5,0.137931034,9,0.637931034,0,0,6.97264987
1476.9398,1,900,0,0,0,0,0,0,1,0,0.077739315,12.86350421,40.61538462,2.228038639,0.638306446,0.384,3,0.224137931,0,0,0,0,5,0.137931034,9,0.637931034,0,0,6.97264987
1476.9398,9,900,0,0,0,0,0,0,1,0,0.077739315,12.86350421,40.375,1.451022689,0.872013974,0.596,3,0.224137931,0,0,0,0,5,0.137931034,9,0.637931034,0,0,6.97264987
1476.9398,1,900,0,0,0,0,0,0,1,0,0.077739315,12.86350421,40.10810811,2.333893474,0.589990312,0.472,3,0.224137931,0,0,0,0,5,0.137931034,9,0.637931034,0,0,6.97264987
1476.9398,1,600,0,0,0,0,0,0,1,0,0.077739315,12.86350421,39.69230769,2.215412162,0.661074203,0.438,3,0.224137931,0,0,0,0,5,0.137931034,9,0.637931034,0,0,6.97264987
1476.9398,9,600,0,0,0,0,0,0,1,0,0.077739315,12.86350421,41.625,1.435751027,0.946131961,0.622,3,0.224137931,0,0,0,0,5,0.137931034,9,0.637931034,0,0,6.97264987
1476.9398,1,600,0,0,0,0,0,0,1,0,0.077739315,12.86350421,40.35135135,2.322581779,0.589316181,0.516,3,0.224137931,0,0,0,0,5,0.137931034,9,0.637931034,0,0,6.97264987
1487.710787,1,1500,0,0,0,0,0,0,1,0,0.07528345,13.28313203,37.925,2.490245954,0.731912107,0.378,3,0.714285714,0,0,0,0,7,0.214285714,35,0.071428571,0,0,3.883380844
1487.710787,1,1500,0,0,0,0,0,0,1,0,0.07528345,13.28313203,39.75,2.934011234,0.67558218,0.398,3,0.714285714,0,0,0,0,7,0.214285714,35,0.071428571,0,0,3.883380844
1487.710787,9,1500,0,0,0,0,0,0,1,0,0.07528345,13.28313203,41.16666667,2.06343278,0.965150344,0.505,3,0.714285714,0,0,0,0,7,0.214285714,35,0.071428571,0,0,3.883380844
1487.710787,1,1200,0,0,0,0,0,0,1,0,0.07528345,13.28313203,38.1375,2.499440766,0.731853602,0.355,3,0.714285714,0,0,0,0,7,0.214285714,35,0.071428571,0,0,3.883380844
1487.710787,1,1200,0,0,0,0,0,0,1,0,0.07528345,13.28313203,41,2.920197176,0.685941255,0.398,3,0.714285714,0,0,0,0,7,0.214285714,35,0.071428571,0,0,3.883380844
1487.710787,9,1200,0,0,0,0,0,0,1,0,0.07528345,13.28313203,41.375,2.031620926,1.064912735,0.483,3,0.714285714,0,0,0,0,7,0.214285714,35,0.071428571,0,0,3.883380844
1487.710787,1,900,0,0,0,0,0,0,1,0,0.07528345,13.28313203,38.175,2.503888375,0.751548246,0.342,3,0.714285714,0,0,0,0,7,0.214285714,35,0.071428571,0,0,3.883380844
1487.710787,1,900,0,0,0,0,0,0,1,0,0.07528345,13.28313203,38.625,3.002360543,0.709097279,0.342,3,0.714285714,0,0,0,0,7,0.214285714,35,0.071428571,0,0,3.883380844
1487.710787,9,900,0,0,0,0,0,0,1,0,0.07528345,13.28313203,41.29166667,2.01239242,1.185437007,0.411,3,0.714285714,0,0,0,0,7,0.214285714,35,0.071428571,0,0,3.883380844
1487.710787,1,600,0,0,0,0,0,0,1,0,0.07528345,13.28313203,38.2125,2.509100428,0.766205433,0.343,3,0.714285714,0,0,0,0,7,0.214285714,35,0.071428571,0,0,3.883380844
1487.710787,1,600,0,0,0,0,0,0,1,0,0.07528345,13.28313203,39.25,3.044960755,0.732784897,0.343,3,0.714285714,0,0,0,0,7,0.214285714,35,0.071428571,0,0,3.883380844
1487.710787,9,600,0,0,0,0,0,0,1,0,0.07528345,13.28313203,41.70833333,2.00711115,1.218712325,0.438,3,0.714285714,0,0,0,0,7,0.214285714,35,0.071428571,0,0,3.883380844
1147.420751,1,1500,0,0,0,0,0,0,1,0,0.088915921,11.24657974,45.13636364,2.30092619,0.632799038,0.014,3,0.215686275,20,0.166666667,0,0,5,0.137254902,8,0.480392157,0,0,4.925746765
1147.420751,4,1500,0,0,0,0,0,0,1,0,0.088915921,11.24657974,44.41176471,2.527019339,0.597596809,0.006,3,0.215686275,20,0.166666667,0,0,5,0.137254902,8,0.480392157,0,0,4.925746765
1147.420751,9,1500,0,0,0,0,0,0,1,0,0.088915921,11.24657974,46.14285714,1.671055057,0.73716202,0.092,3,0.215686275,20,0.166666667,0,0,5,0.137254902,8,0.480392157,0,0,4.925746765
1147.420751,4,1500,0,0,0,0,0,0,1,0,0.088915921,11.24657974,45.59183673,2.200376279,0.633560386,0.002,3,0.215686275,20,0.166666667,0,0,5,0.137254902,8,0.480392157,0,0,4.925746765
1147.420751,1,1200,0,0,0,0,0,0,1,0,0.088915921,11.24657974,45.22727273,2.239714978,0.617449576,0.01,3,0.215686275,20,0.166666667,0,0,5,0.137254902,8,0.480392157,0,0,4.925746765
1147.420751,4,1200,0,0,0,0,0,0,1,0,0.088915921,11.24657974,44.70588235,2.543418605,0.60383096,0.002,3,0.215686275,20,0.166666667,0,0,5,0.137254902,8,0.480392157,0,0,4.925746765
1147.420751,9,1200,0,0,0,0,0,0,1,0,0.088915921,11.24657974,46.21428571,1.65754638,0.701260361,0.1,3,0.215686275,20,0.166666667,0,0,5,0.137254902,8,0.480392157,0,0,4.925746765
1147.420751,4,1200,0,0,0,0,0,0,1,0,0.088915921,11.24657974,45.67346939,2.173842925,0.619639897,0.002,3,0.215686275,20,0.166666667,0,0,5,0.137254902,8,0.480392157,0,0,4.925746765
1147.420751,1,900,0,0,0,0,0,0,1,0,0.088915921,11.24657974,44.72727273,2.266859108,0.625337352,0.014,3,0.215686275,20,0.166666667,0,0,5,0.137254902,8,0.480392157,0,0,4.925746765
1147.420751,4,900,0,0,0,0,0,0,1,0,0.088915921,11.24657974,44.82352941,2.544517965,0.595064225,0.005,3,0.215686275,20,0.166666667,0,0,5,0.137254902,8,0.480392157,0,0,4.925746765
1147.420751,9,900,0,0,0,0,0,0,1,0,0.088915921,11.24657974,45.78571429,1.673076575,0.743327024,0.101,3,0.215686275,20,0.166666667,0,0,5,0.137254902,8,0.480392157,0,0,4.925746765
1147.420751,4,900,0,0,0,0,0,0,1,0,0.088915921,11.24657974,45.6122449,2.188565868,0.629527802,0.002,3,0.215686275,20,0.166666667,0,0,5,0.137254902,8,0.480392157,0,0,4.925746765
1147.420751,1,600,0,0,0,0,0,0,1,0,0.088915921,11.24657974,44.63636364,2.247254114,0.628728056,0.015,3,0.215686275,20,0.166666667,0,0,5,0.137254902,8,0.480392157,0,0,4.925746765
1147.420751,4,600,0,0,0,0,0,0,1,0,0.088915921,11.24657974,44,2.536641656,0.579160388,0.011,3,0.215686275,20,0.166666667,0,0,5,0.137254902,8,0.480392157,0,0,4.925746765
1147.420751,9,600,0,0,0,0,0,0,1,0,0.088915921,11.24657974,46.64285714,1.664296667,0.7335347,0.109,3,0.215686275,20,0.166666667,0,0,5,0.137254902,8,0.480392157,0,0,4.925746765
1147.420751,4,600,0,0,0,0,0,0,1,0,0.088915921,11.24657974,44.95918367,2.181699651,0.614810151,0.007,3,0.215686275,20,0.166666667,0,0,5,0.137254902,8,0.480392157,0,0,4.925746765
1271.305522,1,1200,0,0,0,0,0,0,1,0,0.089939203,11.11862196,44.72,2.298088549,0.613205662,0.14,3,0.219298246,48,0.149122807,0,0,5,0.149122807,8,0.48245614,0,0,5.244674387
1271.305522,4,1200,0,0,0,0,0,0,1,0,0.089939203,11.11862196,43.70588235,2.526772904,0.568960009,0.086,3,0.219298246,48,0.149122807,0,0,5,0.149122807,8,0.48245614,0,0,5.244674387
1271.305522,9,1200,0,0,0,0,0,0,1,0,0.089939203,11.11862196,45.05882353,1.667920052,0.642671663,0.229,3,0.219298246,48,0.149122807,0,0,5,0.149122807,8,0.48245614,0,0,5.244674387
1271.305522,4,1200,0,0,0,0,0,0,1,0,0.089939203,11.11862196,46.12727273,2.134033498,0.603299887,0.073,3,0.219298246,48,0.149122807,0,0,5,0.149122807,8,0.48245614,0,0,5.244674387
1271.305522,1,1500,0,0,0,0,0,0,1,0,0.089939203,11.11862196,45.56,2.303488145,0.62556893,0.138,3,0.219298246,48,0.149122807,0,0,5,0.149122807,8,0.48245614,0,0,5.244674387
1271.305522,4,1500,0,0,0,0,0,0,1,0,0.089939203,11.11862196,44.41176471,2.493468961,0.583316449,0.085,3,0.219298246,48,0.149122807,0,0,5,0.149122807,8,0.48245614,0,0,5.244674387
1271.305522,9,1500,0,0,0,0,0,0,1,0,0.089939203,11.11862196,46.11764706,1.687756559,0.712372004,0.231,3,0.219298246,48,0.149122807,0,0,5,0.149122807,8,0.48245614,0,0,5.244674387
1271.305522,4,1500,0,0,0,0,0,0,1,0,0.089939203,11.11862196,46,2.156076968,0.611347764,0.063,3,0.219298246,48,0.149122807,0,0,5,0.149122807,8,0.48245614,0,0,5.244674387
1271.305522,1,600,0,0,0,0,0,0,1,0,0.089939203,11.11862196,43.64,2.231889233,0.601981614,0.107,3,0.219298246,48,0.149122807,0,0,5,0.149122807,8,0.48245614,0,0,5.244674387
1271.305522,4,600,0,0,0,0,0,0,1,0,0.089939203,11.11862196,44.05882353,2.547103051,0.535415402,0.094,3,0.219298246,48,0.149122807,0,0,5,0.149122807,8,0.48245614,0,0,5.244674387
1271.305522,9,600,0,0,0,0,0,0,1,0,0.089939203,11.11862196,45.94117647,1.658737132,0.589226611,0.235,3,0.219298246,48,0.149122807,0,0,5,0.149122807,8,0.48245614,0,0,5.244674387
1271.305522,4,600,0,0,0,0,0,0,1,0,0.089939203,11.11862196,45.65454545,2.085225751,0.601767658,0.076,3,0.219298246,48,0.149122807,0,0,5,0.149122807,8,0.48245614,0,0,5.244674387
1271.305522,1,900,0,0,0,0,0,0,1,0,0.089939203,11.11862196,45.08,2.243863845,0.614265445,0.096,3,0.219298246,48,0.149122807,0,0,5,0.149122807,8,0.48245614,0,0,5.244674387
1271.305522,4,900,0,0,0,0,0,0,1,0,0.089939203,11.11862196,44.41176471,2.529290383,0.540431053,0.071,3,0.219298246,48,0.149122807,0,0,5,0.149122807,8,0.48245614,0,0,5.244674387
1271.305522,9,900,0,0,0,0,0,0,1,0,0.089939203,11.11862196,45.23529412,1.662153481,0.598520246,0.234,3,0.219298246,48,0.149122807,0,0,5,0.149122807,8,0.48245614,0,0,5.244674387
1271.305522,4,900,0,0,0,0,0,0,1,0,0.089939203,11.11862196,45.8,2.102957914,0.591103185,0.048,3,0.219298246,48,0.149122807,0,0,5,0.149122807,8,0.48245614,0,0,5.244674387
4208.996584,1,1200,0,0,0,0,0,0,1,0,0.031450786,31.79570824,17.20833333,3.680614319,0.669881814,0.083,3,0.1875,21,0.0625,55,0.1875,17,0.5625,0,0,0,0,5.045963634
4208.996584,1,1200,0,0,0,0,0,0,1,0,0.031450786,31.79570824,16.45833333,2.733243189,0.769644113,0.293,3,0.1875,21,0.0625,55,0.1875,17,0.5625,0,0,0,0,5.045963634
4208.996584,9,1200,0,0,0,0,0,0,1,0,0.031450786,31.79570824,14.25,2.565804795,0.934746376,0.284,3,0.1875,21,0.0625,55,0.1875,17,0.5625,0,0,0,0,5.045963634
4208.996584,1,1200,0,0,0,0,0,0,1,0,0.031450786,31.79570824,15.86111111,3.243644147,0.725609855,0.319,3,0.1875,21,0.0625,55,0.1875,17,0.5625,0,0,0,0,5.045963634
4208.996584,1,1500,0,0,0,0,0,0,1,0,0.031450786,31.79570824,16.29166667,3.685252267,0.683763568,0.106,3,0.1875,21,0.0625,55,0.1875,17,0.5625,0,0,0,0,5.045963634
4208.996584,1,1500,0,0,0,0,0,0,1,0,0.031450786,31.79570824,15.91666667,2.784608028,0.776251311,0.289,3,0.1875,21,0.0625,55,0.1875,17,0.5625,0,0,0,0,5.045963634
4208.996584,9,1500,0,0,0,0,0,0,1,0,0.031450786,31.79570824,13.5,2.612273918,0.916745142,0.297,3,0.1875,21,0.0625,55,0.1875,17,0.5625,0,0,0,0,5.045963634
4208.996584,1,1500,0,0,0,0,0,0,1,0,0.031450786,31.79570824,15.84722222,3.253184225,0.731172816,0.335,3,0.1875,21,0.0625,55,0.1875,17,0.5625,0,0,0,0,5.045963634
4208.996584,1,600,0,0,0,0,0,0,1,0,0.031450786,31.79570824,16.91666667,3.719083778,0.677978331,0.085,3,0.1875,21,0.0625,55,0.1875,17,0.5625,0,0,0,0,5.045963634
4208.996584,1,600,0,0,0,0,0,0,1,0,0.031450786,31.79570824,14.95833333,2.707040165,0.804044872,0.284,3,0.1875,21,0.0625,55,0.1875,17,0.5625,0,0,0,0,5.045963634
4208.996584,9,600,0,0,0,0,0,0,1,0,0.031450786,31.79570824,14.5,2.515494396,1.038614696,0.277,3,0.1875,21,0.0625,55,0.1875,17,0.5625,0,0,0,0,5.045963634
4208.996584,1,600,0,0,0,0,0,0,1,0,0.031450786,31.79570824,15.56944444,3.254419005,0.736973228,0.333,3,0.1875,21,0.0625,55,0.1875,17,0.5625,0,0,0,0,5.045963634
4208.996584,1,900,0,0,0,0,0,0,1,0,0.031450786,31.79570824,17.25,3.71371692,0.669016147,0.089,3,0.1875,21,0.0625,55,0.1875,17,0.5625,0,0,0,0,5.045963634
4208.996584,1,900,0,0,0,0,0,0,1,0,0.031450786,31.79570824,14.83333333,2.73413915,0.825263875,0.284,3,0.1875,21,0.0625,55,0.1875,17,0.5625,0,0,0,0,5.045963634
4208.996584,9,900,0,0,0,0,0,0,1,0,0.031450786,31.79570824,14,2.53503064,0.989139523,0.276,3,0.1875,21,0.0625,55,0.1875,17,0.5625,0,0,0,0,5.045963634
4208.996584,1,900,0,0,0,0,0,0,1,0,0.031450786,31.79570824,15.75,3.255495695,0.732959058,0.361,3,0.1875,21,0.0625,55,0.1875,17,0.5625,0,0,0,0,5.045963634
1481.754685,1,1500,0,0,0,0,0,0,1,0,0.07550025,13.24498917,37.75,2.33370297,0.572799175,0.35,3,0.107142857,64,0.035714286,0,0,7,0.214285714,8,0.642857143,0,0,6.590789774
1481.754685,9,1500,0,0,0,0,0,0,1,0,0.07550025,13.24498917,36.25,2.545694569,0.627014169,0.305,3,0.107142857,64,0.035714286,0,0,7,0.214285714,8,0.642857143,0,0,6.590789774
1481.754685,25,1500,0,0,0,0,0,0,1,0,0.07550025,13.24498917,41.20833333,1.49633257,0.776586074,0.437,3,0.107142857,64,0.035714286,0,0,7,0.214285714,8,0.642857143,0,0,6.590789774
1481.754685,4,1500,0,0,0,0,0,0,1,0,0.07550025,13.24498917,39.59722222,2.348547691,0.555596152,0.264,3,0.107142857,64,0.035714286,0,0,7,0.214285714,8,0.642857143,0,0,6.590789774
1481.754685,1,1200,0,0,0,0,0,0,1,0,0.07550025,13.24498917,40,2.363434593,0.584566667,0.375,3,0.107142857,64,0.035714286,0,0,7,0.214285714,8,0.642857143,0,0,6.590789774
1481.754685,9,1200,0,0,0,0,0,0,1,0,0.07550025,13.24498917,40.5,2.492625428,0.587369122,0.333,3,0.107142857,64,0.035714286,0,0,7,0.214285714,8,0.642857143,0,0,6.590789774
1481.754685,25,1200,0,0,0,0,0,0,1,0,0.07550025,13.24498917,42.375,1.497469062,0.707203312,0.42,3,0.107142857,64,0.035714286,0,0,7,0.214285714,8,0.642857143,0,0,6.590789774
1481.754685,4,1200,0,0,0,0,0,0,1,0,0.07550025,13.24498917,39.93055556,2.305462443,0.537094967,0.308,3,0.107142857,64,0.035714286,0,0,7,0.214285714,8,0.642857143,0,0,6.590789774
1481.754685,1,900,0,0,0,0,0,0,1,0,0.07550025,13.24498917,37.33333333,2.320966583,0.618684762,0.35,3,0.107142857,64,0.035714286,0,0,7,0.214285714,8,0.642857143,0,0,6.590789774
1481.754685,9,900,0,0,0,0,0,0,1,0,0.07550025,13.24498917,39.25,2.478288065,0.689688791,0.303,3,0.107142857,64,0.035714286,0,0,7,0.214285714,8,0.642857143,0,0,6.590789774
1481.754685,25,900,0,0,0,0,0,0,1,0,0.07550025,13.24498917,41.20833333,1.492239178,0.695192868,0.409,3,0.107142857,64,0.035714286,0,0,7,0.214285714,8,0.642857143,0,0,6.590789774
1481.754685,4,900,0,0,0,0,0,0,1,0,0.07550025,13.24498917,39.30555556,2.336870676,0.555276873,0.273,3,0.107142857,64,0.035714286,0,0,7,0.214285714,8,0.642857143,0,0,6.590789774
1481.754685,1,600,0,0,0,0,0,0,1,0,0.07550025,13.24498917,37.08333333,2.249138063,0.6311755,0.36,3,0.107142857,64,0.035714286,0,0,7,0.214285714,8,0.642857143,0,0,6.590789774
1481.754685,9,600,0,0,0,0,0,0,1,0,0.07550025,13.24498917,35,2.535388181,0.745405166,0.368,3,0.107142857,64,0.035714286,0,0,7,0.214285714,8,0.642857143,0,0,6.590789774
1481.754685,25,600,0,0,0,0,0,0,1,0,0.07550025,13.24498917,39.79166667,1.492610953,0.737139791,0.399,3,0.107142857,64,0.035714286,0,0,7,0.214285714,8,0.642857143,0,0,6.590789774
1481.754685,4,600,0,0,0,0,0,0,1,0,0.07550025,13.24498917,39.33333333,2.368509478,0.544759821,0.329,3,0.107142857,64,0.035714286,0,0,7,0.214285714,8,0.642857143,0,0,6.590789774
1190.501746,1,1500,0,0,0,0,0,0,1,0,0.096720897,10.33902734,49.75,2.318140626,0.585422739,0.633,3,0.206896552,0,0,0,0,5,0.172413793,8,0.534482759,32,0.086206897,5.415615333
1190.501746,16,1500,0,0,0,0,0,0,1,0,0.096720897,10.33902734,49.8,1.960021569,0.6385625,0.672,3,0.206896552,0,0,0,0,5,0.172413793,8,0.534482759,32,0.086206897,5.415615333
1190.501746,9,1500,0,0,0,0,0,0,1,0,0.096720897,10.33902734,49.35,1.647599089,0.696291268,0.722,3,0.206896552,0,0,0,0,5,0.172413793,8,0.534482759,32,0.086206897,5.415615333
1190.501746,4,1500,0,0,0,0,0,0,1,0,0.096720897,10.33902734,49.79032258,2.121938535,0.59112009,0.577,3,0.206896552,0,0,0,0,5,0.172413793,8,0.534482759,32,0.086206897,5.415615333
1190.501746,1,600,0,0,0,0,0,0,1,0,0.096720897,10.33902734,48.29166667,2.310979786,0.578800135,0.665,3,0.206896552,0,0,0,0,5,0.172413793,8,0.534482759,32,0.086206897,5.415615333
1190.501746,16,600,0,0,0,0,0,0,1,0,0.096720897,10.33902734,49.6,1.904838989,0.615826142,0.679,3,0.206896552,0,0,0,0,5,0.172413793,8,0.534482759,32,0.086206897,5.415615333
1190.501746,9,600,0,0,0,0,0,0,1,0,0.096720897,10.33902734,49.7,1.612463583,0.676574181,0.756,3,0.206896552,0,0,0,0,5,0.172413793,8,0.534482759,32,0.086206897,5.415615333
1190.501746,4,600,0,0,0,0,0,0,1,0,0.096720897,10.33902734,49.91935484,2.095274976,0.577390297,0.645,3,0.206896552,0,0,0,0,5,0.172413793,8,0.534482759,32,0.086206897,5.415615333
1190.501746,1,900,0,0,0,0,0,0,1,0,0.096720897,10.33902734,50.08333333,2.310638189,0.561754356,0.656,3,0.206896552,0,0,0,0,5,0.172413793,8,0.534482759,32,0.086206897,5.415615333
1190.501746,16,900,0,0,0,0,0,0,1,0,0.096720897,10.33902734,49.6,1.931644229,0.594636104,0.658,3,0.206896552,0,0,0,0,5,0.172413793,8,0.534482759,32,0.086206897,5.415615333
1190.501746,9,900,0,0,0,0,0,0,1,0,0.096720897,10.33902734,49.25,1.605718329,0.678529686,0.725,3,0.206896552,0,0,0,0,5,0.172413793,8,0.534482759,32,0.086206897,5.415615333
1190.501746,4,900,0,0,0,0,0,0,1,0,0.096720897,10.33902734,49.59677419,2.091766536,0.577740791,0.634,3,0.206896552,0,0,0,0,5,0.172413793,8,0.534482759,32,0.086206897,5.415615333
1190.501746,1,1200,0,0,0,0,0,0,1,0,0.096720897,10.33902734,48.875,2.357036416,0.566993465,0.658,3,0.206896552,0,0,0,0,5,0.172413793,8,0.534482759,32,0.086206897,5.415615333
1190.501746,16,1200,0,0,0,0,0,0,1,0,0.096720897,10.33902734,49.3,1.933517837,0.613971602,0.684,3,0.206896552,0,0,0,0,5,0.172413793,8,0.534482759,32,0.086206897,5.415615333
1190.501746,9,1200,0,0,0,0,0,0,1,0,0.096720897,10.33902734,49.15,1.614926048,0.721681221,0.721,3,0.206896552,0,0,0,0,5,0.172413793,8,0.534482759,32,0.086206897,5.415615333
1190.501746,4,1200,0,0,0,0,0,0,1,0,0.096720897,10.33902734,49.43548387,2.112927518,0.594783407,0.61,3,0.206896552,0,0,0,0,5,0.172413793,8,0.534482759,32,0.086206897,5.415615333
1507.317496,1,1200,0,0,0,0,0,0,1,0,0.091553372,10.92259055,46.71428571,2.282519053,0.61424308,0.125,3,0.202898551,57,0.101449275,0,0,5,0.18115942,8,0.514492754,0,0,5.150192412
1507.317496,7.760204082,1200,0,0,0,0,0,0,1,0,0.091553372,10.92259055,46.14285714,2.586178263,0.5845769,0.072,3,0.202898551,57,0.101449275,0,0,5,0.18115942,8,0.514492754,0,0,5.150192412
1507.317496,9,1200,0,0,0,0,0,0,1,0,0.091553372,10.92259055,43.8,1.718294487,0.634711867,0.197,3,0.202898551,57,0.101449275,0,0,5,0.18115942,8,0.514492754,0,0,5.150192412
1507.317496,4,1200,0,0,0,0,0,0,1,0,0.091553372,10.92259055,45.3943662,2.209189228,0.617084871,0.07,3,0.202898551,57,0.101449275,0,0,5,0.18115942,8,0.514492754,0,0,5.150192412
1507.317496,1,1500,0,0,0,0,0,0,1,0,0.091553372,10.92259055,47.03571429,2.234983428,0.617925491,0.104,3,0.202898551,57,0.101449275,0,0,5,0.18115942,8,0.514492754,0,0,5.150192412
1507.317496,7.760204082,1500,0,0,0,0,0,0,1,0,0.091553372,10.92259055,45.85714286,2.589070843,0.570005419,0.069,3,0.202898551,57,0.101449275,0,0,5,0.18115942,8,0.514492754,0,0,5.150192412
1507.317496,9,1500,0,0,0,0,0,0,1,0,0.091553372,10.92259055,43.92,1.689287276,0.626363897,0.206,3,0.202898551,57,0.101449275,0,0,5,0.18115942,8,0.514492754,0,0,5.150192412
1507.317496,4,1500,0,0,0,0,0,0,1,0,0.091553372,10.92259055,45.47887324,2.194944919,0.587842403,0.072,3,0.202898551,57,0.101449275,0,0,5,0.18115942,8,0.514492754,0,0,5.150192412
1507.317496,1,600,0,0,0,0,0,0,1,0,0.091553372,10.92259055,46.35714286,2.27253607,0.601409116,0.123,3,0.202898551,57,0.101449275,0,0,5,0.18115942,8,0.514492754,0,0,5.150192412
1507.317496,7.760204082,600,0,0,0,0,0,0,1,0,0.091553372,10.92259055,45.14285714,2.587612027,0.584659729,0.101,3,0.202898551,57,0.101449275,0,0,5,0.18115942,8,0.514492754,0,0,5.150192412
1507.317496,9,600,0,0,0,0,0,0,1,0,0.091553372,10.92259055,44,1.693257901,0.624297029,0.212,3,0.202898551,57,0.101449275,0,0,5,0.18115942,8,0.514492754,0,0,5.150192412
1507.317496,4,600,0,0,0,0,0,0,1,0,0.091553372,10.92259055,45.12676056,2.208271203,0.605093326,0.082,3,0.202898551,57,0.101449275,0,0,5,0.18115942,8,0.514492754,0,0,5.150192412
1507.317496,1,900,0,0,0,0,0,0,1,0,0.091553372,10.92259055,46.82142857,2.266379847,0.615253042,0.079,3,0.202898551,57,0.101449275,0,0,5,0.18115942,8,0.514492754,0,0,5.150192412
1507.317496,7.760204082,900,0,0,0,0,0,0,1,0,0.091553372,10.92259055,45.57142857,2.587068757,0.578797104,0.082,3,0.202898551,57,0.101449275,0,0,5,0.18115942,8,0.514492754,0,0,5.150192412
1507.317496,9,900,0,0,0,0,0,0,1,0,0.091553372,10.92259055,43.64,1.70182918,0.637714446,0.203,3,0.202898551,57,0.101449275,0,0,5,0.18115942,8,0.514492754,0,0,5.150192412
1507.317496,4,900,0,0,0,0,0,0,1,0,0.091553372,10.92259055,45.46478873,2.205267589,0.604233388,0.058,3,0.202898551,57,0.101449275,0,0,5,0.18115942,8,0.514492754,0,0,5.150192412
1084.622507,1,1200,0,0,0,0,0,0,1,0,0.095835293,10.43456927,48.41666667,2.359340552,0.574699699,0.121,3,0.230769231,25,0.134615385,0,0,5,0.153846154,8,0.480769231,0,0,5.082737191
1084.622507,4,1200,0,0,0,0,0,0,1,0,0.095835293,10.43456927,48.07142857,2.139283664,0.634988671,0.193,3,0.230769231,25,0.134615385,0,0,5,0.153846154,8,0.480769231,0,0,5.082737191
1084.622507,9,1200,0,0,0,0,0,0,1,0,0.095835293,10.43456927,48.125,1.725438787,0.637180137,0.273,3,0.230769231,25,0.134615385,0,0,5,0.153846154,8,0.480769231,0,0,5.082737191
1084.622507,4,1200,0,0,0,0,0,0,1,0,0.095835293,10.43456927,49.14,2.099435262,0.597001312,0.08,3,0.230769231,25,0.134615385,0,0,5,0.153846154,8,0.480769231,0,0,5.082737191
1084.622507,1,1500,0,0,0,0,0,0,1,0,0.095835293,10.43456927,48.75,2.366815156,0.568422243,0.124,3,0.230769231,25,0.134615385,0,0,5,0.153846154,8,0.480769231,0,0,5.082737191
1084.622507,4,1500,0,0,0,0,0,0,1,0,0.095835293,10.43456927,47.57142857,2.13711099,0.621630528,0.157,3,0.230769231,25,0.134615385,0,0,5,0.153846154,8,0.480769231,0,0,5.082737191
1084.622507,9,1500,0,0,0,0,0,0,1,0,0.095835293,10.43456927,48.625,1.718074132,0.639924758,0.227,3,0.230769231,25,0.134615385,0,0,5,0.153846154,8,0.480769231,0,0,5.082737191
1084.622507,4,1500,0,0,0,0,0,0,1,0,0.095835293,10.43456927,49.32,2.085815449,0.603192936,0.079,3,0.230769231,25,0.134615385,0,0,5,0.153846154,8,0.480769231,0,0,5.082737191
1084.622507,1,600,0,0,0,0,0,0,1,0,0.095835293,10.43456927,48.91666667,2.385848231,0.57250081,0.112,3,0.230769231,25,0.134615385,0,0,5,0.153846154,8,0.480769231,0,0,5.082737191
1084.622507,4,600,0,0,0,0,0,0,1,0,0.095835293,10.43456927,48.64285714,2.104458661,0.653908071,0.191,3,0.230769231,25,0.134615385,0,0,5,0.153846154,8,0.480769231,0,0,5.082737191
1084.622507,9,600,0,0,0,0,0,0,1,0,0.095835293,10.43456927,48.4375,1.710249652,0.641252335,0.236,3,0.230769231,25,0.134615385,0,0,5,0.153846154,8,0.480769231,0,0,5.082737191
1084.622507,4,600,0,0,0,0,0,0,1,0,0.095835293,10.43456927,49.72,2.112034314,0.595792415,0.07,3,0.230769231,25,0.134615385,0,0,5,0.153846154,8,0.480769231,0,0,5.082737191
1084.622507,1,900,0,0,0,0,0,0,1,0,0.095835293,10.43456927,47.91666667,2.330932929,0.557772338,0.097,3,0.230769231,25,0.134615385,0,0,5,0.153846154,8,0.480769231,0,0,5.082737191
1084.622507,4,900,0,0,0,0,0,0,1,0,0.095835293,10.43456927,47.64285714,2.142822227,0.638511291,0.158,3,0.230769231,25,0.134615385,0,0,5,0.153846154,8,0.480769231,0,0,5.082737191
1084.622507,9,900,0,0,0,0,0,0,1,0,0.095835293,10.43456927,47.8125,1.722128489,0.60589292,0.241,3,0.230769231,25,0.134615385,0,0,5,0.153846154,8,0.480769231,0,0,5.082737191
1084.622507,4,900,0,0,0,0,0,0,1,0,0.095835293,10.43456927,48.92,2.086257313,0.589657796,0.064,3,0.230769231,25,0.134615385,0,0,5,0.153846154,8,0.480769231,0,0,5.082737191
1566.59913,1,1500,0,0,0,0,0,0,1,0,0.045938853,21.76806633,23.55555556,2.880315495,0.673605169,0.381,3,0.25,60,0.055555556,0,0,15,0.138888889,16,0.555555556,0,0,4.910222565
1566.59913,9,1500,0,0,0,0,0,0,1,0,0.045938853,21.76806633,21,3.004852787,0.728250441,0.248,3,0.25,60,0.055555556,0,0,15,0.138888889,16,0.555555556,0,0,4.910222565
1566.59913,25,1500,0,0,0,0,0,0,1,0,0.045938853,21.76806633,20.2,2.23127029,0.847253872,0.55,3,0.25,60,0.055555556,0,0,15,0.138888889,16,0.555555556,0,0,4.910222565
1566.59913,4,1500,0,0,0,0,0,0,1,0,0.045938853,21.76806633,22.45,2.914975606,0.677427021,0.362,3,0.25,60,0.055555556,0,0,15,0.138888889,16,0.555555556,0,0,4.910222565
1566.59913,1,900,0,0,0,0,0,0,1,0,0.045938853,21.76806633,23.66666667,2.830811381,0.683987273,0.373,3,0.25,60,0.055555556,0,0,15,0.138888889,16,0.555555556,0,0,4.910222565
1566.59913,9,900,0,0,0,0,0,0,1,0,0.045938853,21.76806633,20.25,2.97628823,0.677359239,0.264,3,0.25,60,0.055555556,0,0,15,0.138888889,16,0.555555556,0,0,4.910222565
1566.59913,25,900,0,0,0,0,0,0,1,0,0.045938853,21.76806633,19.2,2.25356432,0.770477398,0.535,3,0.25,60,0.055555556,0,0,15,0.138888889,16,0.555555556,0,0,4.910222565
1566.59913,4,900,0,0,0,0,0,0,1,0,0.045938853,21.76806633,22.325,2.90593831,0.656118911,0.373,3,0.25,60,0.055555556,0,0,15,0.138888889,16,0.555555556,0,0,4.910222565
1566.59913,1,600,0,0,0,0,0,0,1,0,0.045938853,21.76806633,24.61111111,2.837957532,0.647134489,0.348,3,0.25,60,0.055555556,0,0,15,0.138888889,16,0.555555556,0,0,4.910222565
1566.59913,9,600,0,0,0,0,0,0,1,0,0.045938853,21.76806633,22.5,2.955761948,0.694485977,0.238,3,0.25,60,0.055555556,0,0,15,0.138888889,16,0.555555556,0,0,4.910222565
1566.59913,25,600,0,0,0,0,0,0,1,0,0.045938853,21.76806633,19.9,2.22898738,0.773601462,0.506,3,0.25,60,0.055555556,0,0,15,0.138888889,16,0.555555556,0,0,4.910222565
1566.59913,4,600,0,0,0,0,0,0,1,0,0.045938853,21.76806633,22.65,2.899996767,0.650060404,0.377,3,0.25,60,0.055555556,0,0,15,0.138888889,16,0.555555556,0,0,4.910222565
1566.59913,1,1200,0,0,0,0,0,0,1,0,0.045938853,21.76806633,23.88888889,2.879587765,0.640311968,0.403,3,0.25,60,0.055555556,0,0,15,0.138888889,16,0.555555556,0,0,4.910222565
1566.59913,9,1200,0,0,0,0,0,0,1,0,0.045938853,21.76806633,22,2.917917122,0.776553979,0.27,3,0.25,60,0.055555556,0,0,15,0.138888889,16,0.555555556,0,0,4.910222565
1566.59913,25,1200,0,0,0,0,0,0,1,0,0.045938853,21.76806633,21.4,2.232004332,0.768055152,0.553,3,0.25,60,0.055555556,0,0,15,0.138888889,16,0.555555556,0,0,4.910222565
1566.59913,4,1200,0,0,0,0,0,0,1,0,0.045938853,21.76806633,22.7,2.887419427,0.657224067,0.389,3,0.25,60,0.055555556,0,0,15,0.138888889,16,0.555555556,0,0,4.910222565
2847.59187,1,1200,0,0,0,0,0,0,1,0,0.03346062,29.88587799,16.06666667,3.563259961,0.663073652,0.61,3,0.239583333,21,0.052083333,37,0.15625,17,0.552083333,0,0,0,0,5.089045363
2847.59187,1,1200,0,0,0,0,0,0,1,0,0.03346062,29.88587799,16.30434783,2.776254156,0.742751205,0.715,3,0.239583333,21,0.052083333,37,0.15625,17,0.552083333,0,0,0,0,5.089045363
2847.59187,9,1200,0,0,0,0,0,0,1,0,0.03346062,29.88587799,15,2.567845056,0.826192177,0.733,3,0.239583333,21,0.052083333,37,0.15625,17,0.552083333,0,0,0,0,5.089045363
2847.59187,1,1200,0,0,0,0,0,0,1,0,0.03346062,29.88587799,16.9245283,3.165175559,0.695770055,0.763,3,0.239583333,21,0.052083333,37,0.15625,17,0.552083333,0,0,0,0,5.089045363
2847.59187,1,1500,0,0,0,0,0,0,1,0,0.03346062,29.88587799,17.53333333,3.520966497,0.645127338,0.67,3,0.239583333,21,0.052083333,37,0.15625,17,0.552083333,0,0,0,0,5.089045363
2847.59187,1,1500,0,0,0,0,0,0,1,0,0.03346062,29.88587799,17,2.833264952,0.74081806,0.769,3,0.239583333,21,0.052083333,37,0.15625,17,0.552083333,0,0,0,0,5.089045363
2847.59187,9,1500,0,0,0,0,0,0,1,0,0.03346062,29.88587799,15.8,2.583674371,0.885888561,0.768,3,0.239583333,21,0.052083333,37,0.15625,17,0.552083333,0,0,0,0,5.089045363
2847.59187,1,1500,0,0,0,0,0,0,1,0,0.03346062,29.88587799,17.0754717,3.189600178,0.69883778,0.775,3,0.239583333,21,0.052083333,37,0.15625,17,0.552083333,0,0,0,0,5.089045363
2847.59187,1,600,0,0,0,0,0,0,1,0,0.03346062,29.88587799,17.26666667,3.568539951,0.668413842,0.626,3,0.239583333,21,0.052083333,37,0.15625,17,0.552083333,0,0,0,0,5.089045363
2847.59187,1,600,0,0,0,0,0,0,1,0,0.03346062,29.88587799,16.69565217,2.767314182,0.718545952,0.76,3,0.239583333,21,0.052083333,37,0.15625,17,0.552083333,0,0,0,0,5.089045363
2847.59187,9,600,0,0,0,0,0,0,1,0,0.03346062,29.88587799,15.2,2.55744236,0.773505109,0.752,3,0.239583333,21,0.052083333,37,0.15625,17,0.552083333,0,0,0,0,5.089045363
2847.59187,1,600,0,0,0,0,0,0,1,0,0.03346062,29.88587799,16.66037736,3.168112222,0.685284814,0.788,3,0.239583333,21,0.052083333,37,0.15625,17,0.552083333,0,0,0,0,5.089045363
2847.59187,1,900,0,0,0,0,0,0,1,0,0.03346062,29.88587799,16.8,3.5765038,0.666019481,0.635,3,0.239583333,21,0.052083333,37,0.15625,17,0.552083333,0,0,0,0,5.089045363
2847.59187,1,900,0,0,0,0,0,0,1,0,0.03346062,29.88587799,16.65217391,2.814183323,0.76516255,0.749,3,0.239583333,21,0.052083333,37,0.15625,17,0.552083333,0,0,0,0,5.089045363
2847.59187,9,900,0,0,0,0,0,0,1,0,0.03346062,29.88587799,15.4,2.577583933,0.838191483,0.786,3,0.239583333,21,0.052083333,37,0.15625,17,0.552083333,0,0,0,0,5.089045363
2847.59187,1,900,0,0,0,0,0,0,1,0,0.03346062,29.88587799,17.09433962,3.178903563,0.703878445,0.795,3,0.239583333,21,0.052083333,37,0.15625,17,0.552083333,0,0,0,0,5.089045363
1982.481397,1,1500,0,0,0,0,0,0,1,0,0.046947232,21.3005102,26.79166667,2.798601333,0.623285524,0.635,3,0.25,50,0.125,0,0,14,0.125,16,0.5,0,0,4.778641895
1982.481397,16,1500,0,0,0,0,0,0,1,0,0.046947232,21.3005102,22,2.32157452,0.675514459,0.755,3,0.25,50,0.125,0,0,14,0.125,16,0.5,0,0,4.778641895
1982.481397,4,1500,0,0,0,0,0,0,1,0,0.046947232,21.3005102,24,3.15986523,0.661427276,0.668,3,0.25,50,0.125,0,0,14,0.125,16,0.5,0,0,4.778641895
1982.481397,4,1500,0,0,0,0,0,0,1,0,0.046947232,21.3005102,22.39583333,2.781029528,0.638943319,0.637,3,0.25,50,0.125,0,0,14,0.125,16,0.5,0,0,4.778641895
1982.481397,1,1200,0,0,0,0,0,0,1,0,0.046947232,21.3005102,24.5,2.807056549,0.664718861,0.705,3,0.25,50,0.125,0,0,14,0.125,16,0.5,0,0,4.778641895
1982.481397,16,1200,0,0,0,0,0,0,1,0,0.046947232,21.3005102,21.58333333,2.216986427,0.727502616,0.769,3,0.25,50,0.125,0,0,14,0.125,16,0.5,0,0,4.778641895
1982.481397,4,1200,0,0,0,0,0,0,1,0,0.046947232,21.3005102,26.33333333,3.187620252,0.640199461,0.732,3,0.25,50,0.125,0,0,14,0.125,16,0.5,0,0,4.778641895
1982.481397,4,1200,0,0,0,0,0,0,1,0,0.046947232,21.3005102,23.6875,2.785380047,0.626411828,0.707,3,0.25,50,0.125,0,0,14,0.125,16,0.5,0,0,4.778641895
1982.481397,1,900,0,0,0,0,0,1,0,0,0.046947232,21.3005102,26.33333333,2.88382606,0.653150707,0.641,3,0.25,50,0.125,0,0,14,0.125,16,0.5,0,0,4.778641895
1982.481397,16,900,0,0,0,0,0,1,0,0,0.046947232,21.3005102,22,2.390353213,0.698960862,0.753,3,0.25,50,0.125,0,0,14,0.125,16,0.5,0,0,4.778641895
1982.481397,4,900,0,0,0,0,0,1,0,0,0.046947232,21.3005102,24.25,3.182636278,0.71378965,0.679,3,0.25,50,0.125,0,0,14,0.125,16,0.5,0,0,4.778641895
1982.481397,4,900,0,0,0,0,0,1,0,0,0.046947232,21.3005102,22.5625,2.823090455,0.666854161,0.655,3,0.25,50,0.125,0,0,14,0.125,16,0.5,0,0,4.778641895
1941.497572,1,600,0,0,0,0,0,0,1,0,0.049446366,20.22393305,26.54166667,2.8132844,0.651611413,0.687,3,0.25,50,0.125,0,0,14,0.125,16,0.5,0,0,4.778641895
1941.497572,16,600,0,0,0,0,0,0,1,0,0.049446366,20.22393305,21.75,2.310733467,0.670952082,0.747,3,0.25,50,0.125,0,0,14,0.125,16,0.5,0,0,4.778641895
1941.497572,4,600,0,0,0,0,0,0,1,0,0.049446366,20.22393305,25.25,3.161619592,0.665728091,0.693,3,0.25,50,0.125,0,0,14,0.125,16,0.5,0,0,4.778641895
1941.497572,4,600,0,0,0,0,0,0,1,0,0.049446366,20.22393305,23.77083333,2.763242407,0.648292462,0.682,3,0.25,50,0.125,0,0,14,0.125,16,0.5,0,0,4.778641895
2357.017688,1,1500,0,0,0,0,0,0,1,0,0.042424822,23.57110651,20.575,2.97084136,0.686852604,0.138,3,0.4,50,0.04,0,0,15,0.08,34,0.48,0,0,4.422695119
2357.017688,16,1500,0,0,0,0,0,0,1,0,0.042424822,23.57110651,21.5,2.996085657,0.696798468,0.167,3,0.4,50,0.04,0,0,15,0.08,34,0.48,0,0,4.422695119
2357.017688,25,1500,0,0,0,0,0,0,1,0,0.042424822,23.57110651,19.625,2.613398499,0.789316375,0.314,3,0.4,50,0.04,0,0,15,0.08,34,0.48,0,0,4.422695119
2357.017688,4,1500,0,0,0,0,0,0,1,0,0.042424822,23.57110651,21.29166667,2.919920878,0.694481084,0.089,3,0.4,50,0.04,0,0,15,0.08,34,0.48,0,0,4.422695119
2357.017688,1,1200,0,0,0,0,0,0,1,0,0.042424822,23.57110651,21.2,2.952034017,0.691191145,0.144,3,0.4,50,0.04,0,0,15,0.08,34,0.48,0,0,4.422695119
2357.017688,16,1200,0,0,0,0,0,0,1,0,0.042424822,23.57110651,20.5,2.904948948,0.719960668,0.181,3,0.4,50,0.04,0,0,15,0.08,34,0.48,0,0,4.422695119
2357.017688,25,1200,0,0,0,0,0,0,1,0,0.042424822,23.57110651,20.375,2.440013333,0.692109358,0.324,3,0.4,50,0.04,0,0,15,0.08,34,0.48,0,0,4.422695119
2357.017688,4,1200,0,0,0,0,0,0,1,0,0.042424822,23.57110651,21.6875,2.891871334,0.675527013,0.132,3,0.4,50,0.04,0,0,15,0.08,34,0.48,0,0,4.422695119
2357.017688,1,900,0,0,0,0,0,0,1,0,0.042424822,23.57110651,20.875,2.962226311,0.674276494,0.174,3,0.4,50,0.04,0,0,15,0.08,34,0.48,0,0,4.422695119
2357.017688,16,900,0,0,0,0,0,0,1,0,0.042424822,23.57110651,21.75,2.884413528,0.688329767,0.199,3,0.4,50,0.04,0,0,15,0.08,34,0.48,0,0,4.422695119
2357.017688,25,900,0,0,0,0,0,0,1,0,0.042424822,23.57110651,20,2.443929098,0.693669435,0.329,3,0.4,50,0.04,0,0,15,0.08,34,0.48,0,0,4.422695119
2357.017688,4,900,0,0,0,0,0,0,1,0,0.042424822,23.57110651,22.16666667,2.89449321,0.665817964,0.129,3,0.4,50,0.04,0,0,15,0.08,34,0.48,0,0,4.422695119
2362.744832,1,600,0,0,0,0,0,0,1,0,0.042323656,23.62744832,21.525,2.943601748,0.684718481,0.142,3,0.4,50,0.04,0,0,15,0.08,34,0.48,0,0,4.422695119
2362.744832,16,600,0,0,0,0,0,0,1,0,0.042323656,23.62744832,20.75,2.859091322,0.669055907,0.167,3,0.4,50,0.04,0,0,15,0.08,34,0.48,0,0,4.422695119
2362.744832,25,600,0,0,0,0,0,0,1,0,0.042323656,23.62744832,20,2.437168898,0.707580543,0.344,3,0.4,50,0.04,0,0,15,0.08,34,0.48,0,0,4.422695119
2362.744832,4,600,0,0,0,0,0,0,1,0,0.042323656,23.62744832,21.83333333,2.888394573,0.662879616,0.102,3,0.4,50,0.04,0,0,15,0.08,34,0.48,0,0,4.422695119
1205.628703,4,1200,0,0,0,0,0,0,1,0,0.083304496,12.00415396,45.21428571,2.726943963,0.531727508,0.088,3,0.23,38,0.14,0,0,5,0.15,8,0.48,0,0,4.898302109
1205.628703,1,1200,0,0,0,0,0,0,1,0,0.083304496,12.00415396,41.08695652,2.247869651,0.631576638,0.15,3,0.23,38,0.14,0,0,5,0.15,8,0.48,0,0,4.898302109
1205.628703,9,1200,0,0,0,0,0,0,1,0,0.083304496,12.00415396,41.73333333,1.691616249,0.693114249,0.278,3,0.23,38,0.14,0,0,5,0.15,8,0.48,0,0,4.898302109
1205.628703,4,1200,0,0,0,0,0,0,1,0,0.083304496,12.00415396,42.25,2.196976077,0.616151967,0.09,3,0.23,38,0.14,0,0,5,0.15,8,0.48,0,0,4.898302109
1205.628703,4,1500,0,0,0,0,0,0,1,0,0.083304496,12.00415396,44.42857143,2.716299001,0.562425944,0.108,3,0.23,38,0.14,0,0,5,0.15,8,0.48,0,0,4.898302109
1205.628703,1,1500,0,0,0,0,0,0,1,0,0.083304496,12.00415396,41.08695652,2.279652084,0.637184472,0.184,3,0.23,38,0.14,0,0,5,0.15,8,0.48,0,0,4.898302109
1205.628703,9,1500,0,0,0,0,0,0,1,0,0.083304496,12.00415396,40.73333333,1.691815904,0.715237391,0.284,3,0.23,38,0.14,0,0,5,0.15,8,0.48,0,0,4.898302109
1205.628703,4,1500,0,0,0,0,0,0,1,0,0.083304496,12.00415396,42.58333333,2.213405435,0.631789849,0.119,3,0.23,38,0.14,0,0,5,0.15,8,0.48,0,0,4.898302109
1205.628703,4,600,0,0,0,0,0,0,1,0,0.083304496,12.00415396,44.14285714,2.733202008,0.546696484,0.098,3,0.23,38,0.14,0,0,5,0.15,8,0.48,0,0,4.898302109
1205.628703,1,600,0,0,0,0,0,0,1,0,0.083304496,12.00415396,40.65217391,2.227223792,0.648753173,0.152,3,0.23,38,0.14,0,0,5,0.15,8,0.48,0,0,4.898302109
1205.628703,9,600,0,0,0,0,0,0,1,0,0.083304496,12.00415396,41.2,1.684534768,0.664133489,0.264,3,0.23,38,0.14,0,0,5,0.15,8,0.48,0,0,4.898302109
1205.628703,4,600,0,0,0,0,0,0,1,0,0.083304496,12.00415396,41.6875,2.19574134,0.607579309,0.091,3,0.23,38,0.14,0,0,5,0.15,8,0.48,0,0,4.898302109
1205.628703,4,900,0,0,0,0,0,0,1,0,0.083304496,12.00415396,44.92857143,2.697274685,0.555884702,0.138,3,0.23,38,0.14,0,0,5,0.15,8,0.48,0,0,4.898302109
1205.628703,1,900,0,0,0,0,0,0,1,0,0.083304496,12.00415396,41.26086957,2.254575156,0.639946998,0.204,3,0.23,38,0.14,0,0,5,0.15,8,0.48,0,0,4.898302109
1205.628703,9,900,0,0,0,0,0,0,1,0,0.083304496,12.00415396,41.33333333,1.677261789,0.647151159,0.316,3,0.23,38,0.14,0,0,5,0.15,8,0.48,0,0,4.898302109
1205.628703,4,900,0,0,0,0,0,0,1,0,0.083304496,12.00415396,42.04166667,2.196215539,0.603718547,0.159,3,0.23,38,0.14,0,0,5,0.15,8,0.48,0,0,4.898302109
1361.633217,4,1500,0,0,0,0,0,0,1,0,0.041127081,24.31487887,20.5,2.884585022,0.716248301,0.109,12,0.142857143,20,0.285714286,0,0,16,0.571428571,0,0,0,0,4.740310272
1361.633217,4,1500,0,0,0,0,0,0,1,0,0.041127081,24.31487887,20.0625,3.051869203,0.697699096,0.035,12,0.142857143,20,0.285714286,0,0,16,0.571428571,0,0,0,0,4.740310272
1361.633217,2.25,1500,0,0,0,0,0,0,1,0,0.041127081,24.31487887,20.78125,2.976511044,0.709074493,0.131,12,0.142857143,20,0.285714286,0,0,16,0.571428571,0,0,0,0,4.740310272
1361.633217,4,1200,0,0,0,0,0,0,1,0,0.041127081,24.31487887,20.25,2.783119526,0.71873239,0.142,12,0.142857143,20,0.285714286,0,0,16,0.571428571,0,0,0,0,4.740310272
1361.633217,4,1200,0,0,0,0,0,0,1,0,0.041127081,24.31487887,19.75,3.065909165,0.69263043,0.057,12,0.142857143,20,0.285714286,0,0,16,0.571428571,0,0,0,0,4.740310272
1361.633217,2.25,1200,0,0,0,0,0,0,1,0,0.041127081,24.31487887,19.9375,2.97138504,0.690713151,0.139,12,0.142857143,20,0.285714286,0,0,16,0.571428571,0,0,0,0,4.740310272
1361.633217,4,900,0,0,0,0,0,0,1,0,0.041127081,24.31487887,21.125,2.779318,0.722293686,0.134,12,0.142857143,20,0.285714286,0,0,16,0.571428571,0,0,0,0,4.740310272
1361.633217,4,900,0,0,0,0,0,0,1,0,0.041127081,24.31487887,20.5,3.066695557,0.690304215,0.05,12,0.142857143,20,0.285714286,0,0,16,0.571428571,0,0,0,0,4.740310272
1361.633217,2.25,900,0,0,0,0,0,0,1,0,0.041127081,24.31487887,20.09375,2.965570825,0.696078468,0.097,12,0.142857143,20,0.285714286,0,0,16,0.571428571,0,0,0,0,4.740310272
1361.633217,4,600,0,0,0,0,0,0,1,0,0.041127081,24.31487887,23,2.746640658,0.669706095,0.123,12,0.142857143,20,0.285714286,0,0,16,0.571428571,0,0,0,0,4.740310272
1361.633217,4,600,0,0,0,0,0,0,1,0,0.041127081,24.31487887,21.25,2.986748755,0.685912691,0.058,12,0.142857143,20,0.285714286,0,0,16,0.571428571,0,0,0,0,4.740310272
1361.633217,2.25,600,0,0,0,0,0,0,1,0,0.041127081,24.31487887,20.625,2.948145126,0.667396085,0.102,12,0.142857143,20,0.285714286,0,0,16,0.571428571,0,0,0,0,4.740310272
1042.134572,4,1500,0,0,0,0,0,0,1,0,0.053735862,18.60954593,27.125,2.758971891,0.690742078,0.097,12,0.142857143,29,0.285714286,0,0,16,0.571428571,0,0,0,0,5.280423918
1042.134572,4,1500,0,0,0,0,0,0,1,0,0.053735862,18.60954593,25.875,2.564013551,0.685561078,0.117,12,0.142857143,29,0.285714286,0,0,16,0.571428571,0,0,0,0,5.280423918
1042.134572,2.25,1500,0,0,0,0,0,0,1,0,0.053735862,18.60954593,26.59375,2.738057253,0.668094623,0.101,12,0.142857143,29,0.285714286,0,0,16,0.571428571,0,0,0,0,5.280423918
1042.134572,4,1200,0,0,0,0,0,0,1,0,0.053735862,18.60954593,27.875,2.780831336,0.670187414,0.125,12,0.142857143,29,0.285714286,0,0,16,0.571428571,0,0,0,0,5.280423918
1042.134572,4,1200,0,0,0,0,0,0,1,0,0.053735862,18.60954593,26.75,2.589459195,0.696143195,0.149,12,0.142857143,29,0.285714286,0,0,16,0.571428571,0,0,0,0,5.280423918
1042.134572,2.25,1200,0,0,0,0,0,0,1,0,0.053735862,18.60954593,27.21875,2.704510476,0.65783794,0.087,12,0.142857143,29,0.285714286,0,0,16,0.571428571,0,0,0,0,5.280423918
1042.134572,4,900,0,0,0,0,0,0,1,0,0.053735862,18.60954593,29.375,2.739531594,0.683302372,0.114,12,0.142857143,29,0.285714286,0,0,16,0.571428571,0,0,0,0,5.280423918
1042.134572,4,900,0,0,0,0,0,0,1,0,0.053735862,18.60954593,27.125,2.596113799,0.673765396,0.143,12,0.142857143,29,0.285714286,0,0,16,0.571428571,0,0,0,0,5.280423918
1042.134572,2.25,900,0,0,0,0,0,0,1,0,0.053735862,18.60954593,27.28125,2.72544298,0.67548103,0.099,12,0.142857143,29,0.285714286,0,0,16,0.571428571,0,0,0,0,5.280423918
1042.134572,4,600,0,0,0,0,0,0,1,0,0.053735862,18.60954593,31.25,2.715634488,0.64919859,0.11,12,0.142857143,29,0.285714286,0,0,16,0.571428571,0,0,0,0,5.280423918
1042.134572,4,600,0,0,0,0,0,0,1,0,0.053735862,18.60954593,26.875,2.519555248,0.67751696,0.103,12,0.142857143,29,0.285714286,0,0,16,0.571428571,0,0,0,0,5.280423918
1042.134572,2.25,600,0,0,0,0,0,0,1,0,0.053735862,18.60954593,27.3125,2.720730233,0.659070842,0.09,12,0.142857143,29,0.285714286,0,0,16,0.571428571,0,0,0,0,5.280423918
1072.559823,4,1500,0,0,0,0,0,0,1,0,0.05221154,19.15285398,28,2.726332316,0.723214707,0.084,12,0.142857143,42,0.285714286,0,0,16,0.571428571,0,0,0,0,5.083312937
1072.559823,9,1500,0,0,0,0,0,0,1,0,0.05221154,19.15285398,25,2.578182314,0.797789759,0.109,12,0.142857143,42,0.285714286,0,0,16,0.571428571,0,0,0,0,5.083312937
1072.559823,4,1500,0,0,0,0,0,0,1,0,0.05221154,19.15285398,25,2.854782895,0.688864577,0.073,12,0.142857143,42,0.285714286,0,0,16,0.571428571,0,0,0,0,5.083312937
1072.559823,4,1200,0,0,0,0,0,0,1,0,0.05221154,19.15285398,29.75,2.74911277,0.667256433,0.082,12,0.142857143,42,0.285714286,0,0,16,0.571428571,0,0,0,0,5.083312937
1072.559823,9,1200,0,0,0,0,0,0,1,0,0.05221154,19.15285398,25.6875,2.571181954,0.833903396,0.13,12,0.142857143,42,0.285714286,0,0,16,0.571428571,0,0,0,0,5.083312937
1072.559823,4,1200,0,0,0,0,0,0,1,0,0.05221154,19.15285398,24.78125,2.847829116,0.68954604,0.086,12,0.142857143,42,0.285714286,0,0,16,0.571428571,0,0,0,0,5.083312937
1072.559823,4,900,0,0,0,0,0,0,1,0,0.05221154,19.15285398,28.125,2.70504773,0.715685436,0.063,12,0.142857143,42,0.285714286,0,0,16,0.571428571,0,0,0,0,5.083312937
1072.559823,9,900,0,0,0,0,0,0,1,0,0.05221154,19.15285398,25.125,2.585692593,0.847510332,0.098,12,0.142857143,42,0.285714286,0,0,16,0.571428571,0,0,0,0,5.083312937
1072.559823,4,900,0,0,0,0,0,0,1,0,0.05221154,19.15285398,24.34375,2.874136551,0.685656235,0.053,12,0.142857143,42,0.285714286,0,0,16,0.571428571,0,0,0,0,5.083312937
1072.559823,4,600,0,0,0,0,0,0,1,0,0.05221154,19.15285398,32,2.587015821,0.62926418,0.093,12,0.142857143,42,0.285714286,0,0,16,0.571428571,0,0,0,0,5.083312937
1072.559823,9,600,0,0,0,0,0,0,1,0,0.05221154,19.15285398,26,2.542492936,0.876034158,0.133,12,0.142857143,42,0.285714286,0,0,16,0.571428571,0,0,0,0,5.083312937
1072.559823,4,600,0,0,0,0,0,0,1,0,0.05221154,19.15285398,24.8125,2.807078859,0.646881038,0.08,12,0.142857143,42,0.285714286,0,0,16,0.571428571,0,0,0,0,5.083312937
567.7302674,4,1500,0,0,0,0,0,0,1,0,0.098638391,10.13804049,45.25,2.199360014,0.620319649,0.001,12,0.142857143,28,0.285714286,0,0,8,0.571428571,0,0,0,0,5.866896539
567.7302674,9,1500,0,0,0,0,0,0,1,0,0.098638391,10.13804049,52.1875,2.00094878,0.761625334,0.013,12,0.142857143,28,0.285714286,0,0,8,0.571428571,0,0,0,0,5.866896539
567.7302674,4,1500,0,0,0,0,0,0,1,0,0.098638391,10.13804049,53.21875,2.233887891,0.657392202,0,12,0.142857143,28,0.285714286,0,0,8,0.571428571,0,0,0,0,5.866896539
567.7302674,4,1200,0,0,0,0,0,0,1,0,0.098638391,10.13804049,45.75,2.241687348,0.6098943,0.008,12,0.142857143,28,0.285714286,0,0,8,0.571428571,0,0,0,0,5.866896539
567.7302674,9,1200,0,0,0,0,0,0,1,0,0.098638391,10.13804049,52.125,1.9723803,0.834828467,0.008,12,0.142857143,28,0.285714286,0,0,8,0.571428571,0,0,0,0,5.866896539
567.7302674,4,1200,0,0,0,0,0,0,1,0,0.098638391,10.13804049,52.0625,2.231787786,0.666512544,0.003,12,0.142857143,28,0.285714286,0,0,8,0.571428571,0,0,0,0,5.866896539
567.7302674,4,900,0,0,0,0,0,0,1,0,0.098638391,10.13804049,44.75,2.191962774,0.619499382,0.004,12,0.142857143,28,0.285714286,0,0,8,0.571428571,0,0,0,0,5.866896539
567.7302674,9,900,0,0,0,0,0,0,1,0,0.098638391,10.13804049,52.4375,1.971212205,0.830374267,0.007,12,0.142857143,28,0.285714286,0,0,8,0.571428571,0,0,0,0,5.866896539
567.7302674,4,900,0,0,0,0,0,0,1,0,0.098638391,10.13804049,52.34375,2.230027245,0.651122423,0.002,12,0.142857143,28,0.285714286,0,0,8,0.571428571,0,0,0,0,5.866896539
567.7302674,4,600,0,0,0,0,0,0,1,0,0.098638391,10.13804049,44.5,2.196159868,0.623277671,0.009,12,0.142857143,28,0.285714286,0,0,8,0.571428571,0,0,0,0,5.866896539
567.7302674,9,600,0,0,0,0,0,0,1,0,0.098638391,10.13804049,52,1.969258649,0.850336995,0.009,12,0.142857143,28,0.285714286,0,0,8,0.571428571,0,0,0,0,5.866896539
567.7302674,4,600,0,0,0,0,0,0,1,0,0.098638391,10.13804049,52.25,2.230026036,0.653585725,0.002,12,0.142857143,28,0.285714286,0,0,8,0.571428571,0,0,0,0,5.866896539
1371.810298,4,1500,0,0,0,0,0,0,1,0,0.040821971,24.49661247,22.125,2.764647839,0.717299758,0.147,12,0.142857143,50,0.285714286,0,0,16,0.571428571,0,0,0,0,5.194879667
1371.810298,9,1500,0,0,0,0,0,0,1,0,0.040821971,24.49661247,20.625,2.835490239,0.724501167,0.157,12,0.142857143,50,0.285714286,0,0,16,0.571428571,0,0,0,0,5.194879667
1371.810298,4,1500,0,0,0,0,0,0,1,0,0.040821971,24.49661247,20.84375,3.051684969,0.666441067,0.141,12,0.142857143,50,0.285714286,0,0,16,0.571428571,0,0,0,0,5.194879667
1371.810298,4,1200,0,0,0,0,0,0,1,1,0.040821971,24.49661247,32,2.673463621,0.62512385,0.138,12,0.142857143,50,0.285714286,0,0,16,0.571428571,0,0,0,0,5.194879667
1371.810298,9,1200,0,0,0,0,0,0,1,1,0.040821971,24.49661247,26,2.733036925,1.260649034,0.153,12,0.142857143,50,0.285714286,0,0,16,0.571428571,0,0,0,0,5.194879667
1371.810298,4,1200,0,0,0,0,0,0,1,1,0.040821971,24.49661247,23,3.00649802,0.641404704,0.115,12,0.142857143,50,0.285714286,0,0,16,0.571428571,0,0,0,0,5.194879667
1371.810298,4,900,0,0,0,0,0,0,1,0,0.040821971,24.49661247,27.5,2.789305422,0.661067813,0.146,12,0.142857143,50,0.285714286,0,0,16,0.571428571,0,0,0,0,5.194879667
1371.810298,9,900,0,0,0,0,0,0,1,0,0.040821971,24.49661247,23,2.761710466,0.775506538,0.142,12,0.142857143,50,0.285714286,0,0,16,0.571428571,0,0,0,0,5.194879667
1371.810298,4,900,0,0,0,0,0,0,1,0,0.040821971,24.49661247,21.4375,3.013137417,0.647419305,0.147,12,0.142857143,50,0.285714286,0,0,16,0.571428571,0,0,0,0,5.194879667
1371.810298,4,600,0,0,0,0,0,0,1,0,0.040821971,24.49661247,30.375,2.750572969,0.653515647,0.148,12,0.142857143,50,0.285714286,0,0,16,0.571428571,0,0,0,0,5.194879667
1371.810298,9,600,0,0,0,0,0,0,1,0,0.040821971,24.49661247,24.8125,2.746054407,0.830557798,0.166,12,0.142857143,50,0.285714286,0,0,16,0.571428571,0,0,0,0,5.194879667
1371.810298,4,600,0,0,0,0,0,0,1,0,0.040821971,24.49661247,22.375,3.01264723,0.638042866,0.139,12,0.142857143,50,0.285714286,0,0,16,0.571428571,0,0,0,0,5.194879667
628.8854439,4,1500,0,0,0,0,0,0,1,0,0.089046424,11.23009721,44.5,2.195347888,0.622131577,0.012,12,0.142857143,30,0.285714286,0,0,8,0.571428571,0,0,0,0,5.977389942
628.8854439,1,1500,0,0,0,0,0,0,1,0,0.089046424,11.23009721,45.8125,2.124650286,0.68241426,0.008,12,0.142857143,30,0.285714286,0,0,8,0.571428571,0,0,0,0,5.977389942
628.8854439,4,1500,0,0,0,0,0,0,1,0,0.089046424,11.23009721,46.15625,2.284425182,0.640085645,0.003,12,0.142857143,30,0.285714286,0,0,8,0.571428571,0,0,0,0,5.977389942
628.8854439,4,1200,0,0,0,0,0,0,1,0,0.089046424,11.23009721,43.875,2.211857789,0.623779683,0.009,12,0.142857143,30,0.285714286,0,0,8,0.571428571,0,0,0,0,5.977389942
628.8854439,1,1200,0,0,0,0,0,0,1,0,0.089046424,11.23009721,45.6875,2.100733221,0.730128215,0.012,12,0.142857143,30,0.285714286,0,0,8,0.571428571,0,0,0,0,5.977389942
628.8854439,4,1200,0,0,0,0,0,0,1,0,0.089046424,11.23009721,44.375,2.29925749,0.644827868,0.001,12,0.142857143,30,0.285714286,0,0,8,0.571428571,0,0,0,0,5.977389942
628.8854439,4,900,0,0,0,0,0,0,1,0,0.089046424,11.23009721,43.875,2.207169563,0.636227713,0.001,12,0.142857143,30,0.285714286,0,0,8,0.571428571,0,0,0,0,5.977389942
628.8854439,1,900,0,0,0,0,0,0,1,0,0.089046424,11.23009721,45.875,2.090756173,0.773696033,0.004,12,0.142857143,30,0.285714286,0,0,8,0.571428571,0,0,0,0,5.977389942
628.8854439,4,900,0,0,0,0,0,0,1,0,0.089046424,11.23009721,45.40625,2.320729853,0.649616983,0.001,12,0.142857143,30,0.285714286,0,0,8,0.571428571,0,0,0,0,5.977389942
628.8854439,4,600,0,0,0,0,0,0,1,0,0.089046424,11.23009721,43.75,2.214101856,0.623460518,0.007,12,0.142857143,30,0.285714286,0,0,8,0.571428571,0,0,0,0,5.977389942
628.8854439,1,600,0,0,0,0,0,0,1,0,0.089046424,11.23009721,45.8125,2.069604687,0.848546805,0.008,12,0.142857143,30,0.285714286,0,0,8,0.571428571,0,0,0,0,5.977389942
628.8854439,4,600,0,0,0,0,0,0,1,0,0.089046424,11.23009721,43.90625,2.312351046,0.647759793,0.002,12,0.142857143,30,0.285714286,0,0,8,0.571428571,0,0,0,0,5.977389942
1124.603268,4,1500,0,0,0,0,0,0,1,0,0.049795338,20.08220121,23.75,2.753246419,0.675647339,0.127,12,0.142857143,30,0.285714286,0,0,16,0.571428571,0,0,0,0,5.353376245
1124.603268,4,1500,0,0,0,0,0,0,1,0,0.049795338,20.08220121,24.25,2.725062005,0.685941503,0.117,12,0.142857143,30,0.285714286,0,0,16,0.571428571,0,0,0,0,5.353376245
1124.603268,2.25,1500,0,0,0,0,0,0,1,0,0.049795338,20.08220121,25.1875,2.782808898,0.673563037,0.135,12,0.142857143,30,0.285714286,0,0,16,0.571428571,0,0,0,0,5.353376245
1124.603268,4,1200,0,0,0,0,0,0,1,0,0.049795338,20.08220121,27,2.745973394,0.649409148,0.119,12,0.142857143,30,0.285714286,0,0,16,0.571428571,0,0,0,0,5.353376245
1124.603268,4,1200,0,0,0,0,0,0,1,0,0.049795338,20.08220121,24.8125,2.650036507,0.674369367,0.115,12,0.142857143,30,0.285714286,0,0,16,0.571428571,0,0,0,0,5.353376245
1124.603268,2.25,1200,0,0,0,0,0,0,1,0,0.049795338,20.08220121,24.78125,2.742641619,0.640039133,0.122,12,0.142857143,30,0.285714286,0,0,16,0.571428571,0,0,0,0,5.353376245
1124.603268,4,900,0,0,0,0,0,0,1,0,0.049795338,20.08220121,24.25,2.754918394,0.660327957,0.125,12,0.142857143,30,0.285714286,0,0,16,0.571428571,0,0,0,0,5.353376245
1124.603268,4,900,0,0,0,0,0,0,1,0,0.049795338,20.08220121,23.5,2.671469884,0.678295097,0.13,12,0.142857143,30,0.285714286,0,0,16,0.571428571,0,0,0,0,5.353376245
1124.603268,2.25,900,0,0,0,0,0,0,1,0,0.049795338,20.08220121,24.25,2.779522749,0.657176965,0.136,12,0.142857143,30,0.285714286,0,0,16,0.571428571,0,0,0,0,5.353376245
1124.603268,4,600,0,0,0,0,0,0,1,0,0.049795338,20.08220121,32,2.699186091,0.602391068,0.1,12,0.142857143,30,0.285714286,0,0,16,0.571428571,0,0,0,0,5.353376245
1124.603268,4,600,0,0,0,0,0,0,1,0,0.049795338,20.08220121,25.3125,2.521163259,0.74077736,0.096,12,0.142857143,30,0.285714286,0,0,16,0.571428571,0,0,0,0,5.353376245
1124.603268,2.25,600,0,0,0,0,0,0,1,0,0.049795338,20.08220121,24.71875,2.802488211,0.639670807,0.097,12,0.142857143,30,0.285714286,0,0,16,0.571428571,0,0,0,0,5.353376245
989.9601184,4,1500,0,0,0,0,0,0,1,0,0.056567935,17.67785926,30.5,2.666927082,0.648810889,0.066,29,0.285714286,30,0.142857143,0,0,16,0.571428571,0,0,0,0,5.438084462
989.9601184,4,1500,0,0,0,0,0,0,1,0,0.056567935,17.67785926,27.375,2.573435088,0.685332862,0.102,29,0.285714286,30,0.142857143,0,0,16,0.571428571,0,0,0,0,5.438084462
989.9601184,2.25,1500,0,0,0,0,0,0,1,0,0.056567935,17.67785926,28.375,2.658587644,0.669723295,0.068,29,0.285714286,30,0.142857143,0,0,16,0.571428571,0,0,0,0,5.438084462
989.9601184,4,1200,0,0,0,0,0,0,1,0,0.056567935,17.67785926,31.625,2.628400735,0.622667813,0.068,29,0.285714286,30,0.142857143,0,0,16,0.571428571,0,0,0,0,5.438084462
989.9601184,4,1200,0,0,0,0,0,0,1,0,0.056567935,17.67785926,26.5,2.514490853,0.707023458,0.096,29,0.285714286,30,0.142857143,0,0,16,0.571428571,0,0,0,0,5.438084462
989.9601184,2.25,1200,0,0,0,0,0,0,1,0,0.056567935,17.67785926,26.65625,2.670036666,0.649599156,0.085,29,0.285714286,30,0.142857143,0,0,16,0.571428571,0,0,0,0,5.438084462
989.9601184,4,900,0,0,0,0,0,0,1,0,0.056567935,17.67785926,32.5,2.569243751,0.621435526,0.078,29,0.285714286,30,0.142857143,0,0,16,0.571428571,0,0,0,0,5.438084462
989.9601184,4,900,0,0,0,0,0,0,1,0,0.056567935,17.67785926,26,2.417393616,0.771327974,0.085,29,0.285714286,30,0.142857143,0,0,16,0.571428571,0,0,0,0,5.438084462
989.9601184,2.25,900,0,0,0,0,0,0,1,0,0.056567935,17.67785926,26.1875,2.696577688,0.644442564,0.063,29,0.285714286,30,0.142857143,0,0,16,0.571428571,0,0,0,0,5.438084462
989.9601184,4,600,0,0,0,0,0,0,1,0,0.056567935,17.67785926,32.125,2.606308518,0.61934507,0.062,29,0.285714286,30,0.142857143,0,0,16,0.571428571,0,0,0,0,5.438084462
989.9601184,4,600,0,0,0,0,0,0,1,0,0.056567935,17.67785926,26,2.392981089,0.78890122,0.098,29,0.285714286,30,0.142857143,0,0,16,0.571428571,0,0,0,0,5.438084462
989.9601184,2.25,600,0,0,0,0,0,0,1,0,0.056567935,17.67785926,25.96875,2.696238541,0.656960397,0.062,29,0.285714286,30,0.142857143,0,0,16,0.571428571,0,0,0,0,5.438084462
893.2303652,4,1500,0,0,0,0,0,0,1,0,0.062693793,15.95054224,36.25,2.589466912,0.615888881,0.045,26,0.285714286,30,0.142857143,0,0,16,0.571428571,0,0,0,0,5.278158762
893.2303652,9,1500,0,0,0,0,0,0,1,0,0.062693793,15.95054224,27.625,2.315939496,0.777429823,0.063,26,0.285714286,30,0.142857143,0,0,16,0.571428571,0,0,0,0,5.278158762
893.2303652,4,1500,0,0,0,0,0,0,1,0,0.062693793,15.95054224,28.6875,2.606086428,0.649838097,0.065,26,0.285714286,30,0.142857143,0,0,16,0.571428571,0,0,0,0,5.278158762
893.2303652,4,1200,0,0,0,0,0,0,1,0,0.062693793,15.95054224,35.375,2.564128912,0.620904121,0.058,26,0.285714286,30,0.142857143,0,0,16,0.571428571,0,0,0,0,5.278158762
893.2303652,9,1200,0,0,0,0,0,0,1,0,0.062693793,15.95054224,27,2.310708096,0.787078774,0.048,26,0.285714286,30,0.142857143,0,0,16,0.571428571,0,0,0,0,5.278158762
893.2303652,4,1200,0,0,0,0,0,0,1,0,0.062693793,15.95054224,28.15625,2.605903944,0.651496671,0.054,26,0.285714286,30,0.142857143,0,0,16,0.571428571,0,0,0,0,5.278158762
893.2303652,4,900,0,0,0,0,0,0,1,0,0.062693793,15.95054224,36,2.576535401,0.615416264,0.035,26,0.285714286,30,0.142857143,0,0,16,0.571428571,0,0,0,0,5.278158762
893.2303652,9,900,0,0,0,0,0,0,1,0,0.062693793,15.95054224,26.375,2.30936913,0.848896571,0.051,26,0.285714286,30,0.142857143,0,0,16,0.571428571,0,0,0,0,5.278158762
893.2303652,4,900,0,0,0,0,0,0,1,0,0.062693793,15.95054224,27.9375,2.604862954,0.65235084,0.048,26,0.285714286,30,0.142857143,0,0,16,0.571428571,0,0,0,0,5.278158762
893.2303652,4,600,0,0,0,0,0,0,1,0,0.062693793,15.95054224,35.25,2.559993629,0.628692917,0.068,26,0.285714286,30,0.142857143,0,0,16,0.571428571,0,0,0,0,5.278158762
893.2303652,9,600,0,0,0,0,0,0,1,0,0.062693793,15.95054224,26.4375,2.301713319,0.840227193,0.062,26,0.285714286,30,0.142857143,0,0,16,0.571428571,0,0,0,0,5.278158762
893.2303652,4,600,0,0,0,0,0,0,1,0,0.062693793,15.95054224,27.65625,2.599754353,0.652175291,0.059,26,0.285714286,30,0.142857143,0,0,16,0.571428571,0,0,0,0,5.278158762
914.4877891,4,1500,0,0,0,0,0,0,1,0,0.061236466,16.33013909,35.375,2.585018203,0.634728631,0.056,25,0.285714286,30,0.142857143,0,0,16,0.571428571,0,0,0,0,5.156688617
914.4877891,9,1500,0,0,0,0,0,0,1,0,0.061236466,16.33013909,27.625,2.378949363,0.807184051,0.15,25,0.285714286,30,0.142857143,0,0,16,0.571428571,0,0,0,0,5.156688617
914.4877891,4,1500,0,0,0,0,0,0,1,0,0.061236466,16.33013909,28.40625,2.64458651,0.662158737,0.055,25,0.285714286,30,0.142857143,0,0,16,0.571428571,0,0,0,0,5.156688617
914.4877891,4,1200,0,0,0,0,0,0,1,0,0.061236466,16.33013909,34.875,2.594851002,0.652268833,0.045,25,0.285714286,30,0.142857143,0,0,16,0.571428571,0,0,0,0,5.156688617
914.4877891,9,1200,0,0,0,0,0,0,1,0,0.061236466,16.33013909,27.1875,2.356722823,0.791081066,0.127,25,0.285714286,30,0.142857143,0,0,16,0.571428571,0,0,0,0,5.156688617
914.4877891,4,1200,0,0,0,0,0,0,1,0,0.061236466,16.33013909,27.6875,2.644408387,0.65385538,0.057,25,0.285714286,30,0.142857143,0,0,16,0.571428571,0,0,0,0,5.156688617
914.4877891,4,900,0,0,0,0,0,0,1,0,0.061236466,16.33013909,35,2.593420305,0.622074946,0.044,25,0.285714286,30,0.142857143,0,0,16,0.571428571,0,0,0,0,5.156688617
914.4877891,9,900,0,0,0,0,0,0,1,0,0.061236466,16.33013909,26.875,2.365010699,0.799089222,0.145,25,0.285714286,30,0.142857143,0,0,16,0.571428571,0,0,0,0,5.156688617
914.4877891,4,900,0,0,0,0,0,0,1,0,0.061236466,16.33013909,27.6875,2.645488018,0.665100698,0.043,25,0.285714286,30,0.142857143,0,0,16,0.571428571,0,0,0,0,5.156688617
914.4877891,4,600,0,0,0,0,0,0,1,0,0.061236466,16.33013909,35.25,2.583573653,0.637443697,0.056,25,0.285714286,30,0.142857143,0,0,16,0.571428571,0,0,0,0,5.156688617
914.4877891,9,600,0,0,0,0,0,0,1,0,0.061236466,16.33013909,27.8125,2.368244143,0.86740207,0.138,25,0.285714286,30,0.142857143,0,0,16,0.571428571,0,0,0,0,5.156688617
914.4877891,4,600,0,0,0,0,0,0,1,0,0.061236466,16.33013909,28.28125,2.646951291,0.662813367,0.056,25,0.285714286,30,0.142857143,0,0,16,0.571428571,0,0,0,0,5.156688617
1018.826919,4,1500,0,0,0,0,0,0,1,0,0.054965175,18.19333785,32.25,2.523143282,0.610061413,0.073,30,0.142857143,42,0.285714286,0,0,16,0.571428571,0,0,0,0,5.235088229
1018.826919,9,1500,0,0,0,0,0,0,1,0,0.054965175,18.19333785,26.5,2.517323505,0.809167354,0.109,30,0.142857143,42,0.285714286,0,0,16,0.571428571,0,0,0,0,5.235088229
1018.826919,4,1500,0,0,0,0,0,0,1,0,0.054965175,18.19333785,25.9375,2.75863183,0.639289276,0.073,30,0.142857143,42,0.285714286,0,0,16,0.571428571,0,0,0,0,5.235088229
1018.826919,4,1200,0,0,0,0,0,0,1,0,0.054965175,18.19333785,32.375,2.499987558,0.621210391,0.067,30,0.142857143,42,0.285714286,0,0,16,0.571428571,0,0,0,0,5.235088229
1018.826919,9,1200,0,0,0,0,0,0,1,0,0.054965175,18.19333785,26.125,2.532647195,0.862569339,0.093,30,0.142857143,42,0.285714286,0,0,16,0.571428571,0,0,0,0,5.235088229
1018.826919,4,1200,0,0,0,0,0,0,1,0,0.054965175,18.19333785,25.59375,2.769239345,0.650629926,0.066,30,0.142857143,42,0.285714286,0,0,16,0.571428571,0,0,0,0,5.235088229
1018.826919,4,900,0,0,0,0,0,0,1,0,0.054965175,18.19333785,32.125,2.48959351,0.623184281,0.063,30,0.142857143,42,0.285714286,0,0,16,0.571428571,0,0,0,0,5.235088229
1018.826919,9,900,0,0,0,0,0,0,1,0,0.054965175,18.19333785,26,2.536920688,0.829729832,0.112,30,0.142857143,42,0.285714286,0,0,16,0.571428571,0,0,0,0,5.235088229
1018.826919,4,900,0,0,0,0,0,0,1,0,0.054965175,18.19333785,25.46875,2.775029121,0.650851689,0.061,30,0.142857143,42,0.285714286,0,0,16,0.571428571,0,0,0,0,5.235088229
1018.826919,4,600,0,0,0,0,0,0,1,0,0.054965175,18.19333785,32,2.470481592,0.623341903,0.08,30,0.142857143,42,0.285714286,0,0,16,0.571428571,0,0,0,0,5.235088229
1018.826919,9,600,0,0,0,0,0,0,1,0,0.054965175,18.19333785,26,2.530297501,0.871034641,0.111,30,0.142857143,42,0.285714286,0,0,16,0.571428571,0,0,0,0,5.235088229
1018.826919,4,600,0,0,0,0,0,0,1,0,0.054965175,18.19333785,25.3125,2.771169049,0.642821031,0.059,30,0.142857143,42,0.285714286,0,0,16,0.571428571,0,0,0,0,5.235088229
1315.448012,4,1500,0,0,0,0,0,0,1,0,0.042571048,23.49014307,23.25,2.724169622,0.737122569,0.118,30,0.142857143,50,0.285714286,0,0,16,0.571428571,0,0,0,0,5.349986069
1315.448012,9,1500,0,0,0,0,0,0,1,0,0.042571048,23.49014307,22.1875,2.854172446,0.734251084,0.124,30,0.142857143,50,0.285714286,0,0,16,0.571428571,0,0,0,0,5.349986069
1315.448012,4,1500,0,0,0,0,0,0,1,0,0.042571048,23.49014307,21.15625,3.010468901,0.678386348,0.135,30,0.142857143,50,0.285714286,0,0,16,0.571428571,0,0,0,0,5.349986069
1315.448012,4,1200,0,0,0,0,0,0,1,0,0.042571048,23.49014307,27.625,2.657952169,0.663655846,0.132,30,0.142857143,50,0.285714286,0,0,16,0.571428571,0,0,0,0,5.349986069
1315.448012,9,1200,0,0,0,0,0,0,1,0,0.042571048,23.49014307,22.9375,2.783955402,0.746154265,0.139,30,0.142857143,50,0.285714286,0,0,16,0.571428571,0,0,0,0,5.349986069
1315.448012,4,1200,0,0,0,0,0,0,1,0,0.042571048,23.49014307,21.75,2.979863443,0.645576599,0.135,30,0.142857143,50,0.285714286,0,0,16,0.571428571,0,0,0,0,5.349986069
1315.448012,4,900,0,0,0,0,0,0,1,0,0.042571048,23.49014307,25.5,2.685753416,0.649312677,0.105,30,0.142857143,50,0.285714286,0,0,16,0.571428571,0,0,0,0,5.349986069
1315.448012,9,900,0,0,0,0,0,0,1,0,0.042571048,23.49014307,22.875,2.793020422,0.728516888,0.14,30,0.142857143,50,0.285714286,0,0,16,0.571428571,0,0,0,0,5.349986069
1315.448012,4,900,0,0,0,0,0,0,1,0,0.042571048,23.49014307,21.375,2.991234774,0.648513638,0.144,30,0.142857143,50,0.285714286,0,0,16,0.571428571,0,0,0,0,5.349986069
1315.448012,4,600,0,0,0,0,0,0,1,0,0.042571048,23.49014307,31.125,2.616925429,0.632441249,0.106,30,0.142857143,50,0.285714286,0,0,16,0.571428571,0,0,0,0,5.349986069
1315.448012,9,600,0,0,0,0,0,0,1,0,0.042571048,23.49014307,24.625,2.770310257,0.79035074,0.144,30,0.142857143,50,0.285714286,0,0,16,0.571428571,0,0,0,0,5.349986069
1315.448012,4,600,0,0,0,0,0,0,1,0,0.042571048,23.49014307,22.21875,2.979098622,0.63326352,0.111,30,0.142857143,50,0.285714286,0,0,16,0.571428571,0,0,0,0,5.349986069
